customer_id,first_name,last_name,email,phone_number,address,city,country,postal_code,state
4,Gwenny,Scorah,gscorah3@google.com.br,745-154-9953,86 Comanche Avenue,Merritt,Canada,V1K,British Columbia
18,Cull,Cranson,ccransonh@loc.gov,903-284-1651,2406 Amoth Drive,"Palmas De Gran Canaria, Las",Spain,35015,Canarias
20,Corbie,Roly,crolyj@google.ca,216-920-6408,7 Mifflin Point,Karlsruhe,Germany,76199,Baden-Württemberg
23,Urban,Pettigree,upettigreem@theguardian.com,926-585-5472,49 Veith Circle,Basel,Switzerland,4055,Kanton Basel-Stadt
37,Elias,Elleyne,eelleyne10@bloomberg.com,427-978-0668,9 Summerview Alley,Sneek,Netherlands,8604,Provincie Friesland
40,Ramsay,Jaycock,rjaycock13@blogtalkradio.com,131-970-4145,46742 Harper Road,Serra de Água,Portugal,9350-324,Ilha da Madeira
56,Agnola,Runacres,arunacres1j@dmoz.org,460-395-7681,83016 Swallow Place,Osoyoos,Canada,N9V,British Columbia
59,Jocelyn,Havvock,jhavvock1m@mapy.cz,675-886-6394,15 Corscot Avenue,Lindome,Sweden,437 92,Västra Götaland
60,Clark,Mompesson,cmompesson1n@flickr.com,166-154-2301,0330 Merchant Trail,København,Denmark,1666,Region Hovedstaden
64,Birch,Gostick,bgostick1r@tiny.cc,456-631-9464,3447 Charing Cross Lane,Lidingö,Sweden,181 23,Stockholm
79,Chrystal,Mounsey,cmounsey26@dropbox.com,895-517-5375,2 Eastlawn Avenue,Oslo,Norway,0620,Oslo
91,Dieter,Blastock,dblastock2i@biglobe.ne.jp,916-790-2267,122 Service Hill,Sacramento,United States,94291,California
93,Marlo,Vautrey,mvautrey2k@discovery.com,154-513-7939,672 Burrows Circle,Ponte da Pedra,Portugal,2415-177,Leiria
96,Zach,Laffan,zlaffan2n@joomla.org,545-314-6595,20235 Corscot Park,Independencia,Mexico,30815,Chiapas
141,Beau,Henrion,bhenrion3w@yale.edu,646-132-4535,0 Hovde Street,Ponoka,Canada,T4J,Alberta
142,Hurley,Mityukov,hmityukov3x@shareasale.com,916-411-4027,35 Nancy Trail,Gibsons,Canada,L6R,British Columbia
143,Carling,Banner,cbanner3y@who.int,617-450-7658,26033 Kedzie Trail,Ferreiras,Portugal,8200-567,Faro
146,Bell,Spooner,bspooner41@vimeo.com,508-309-1634,08 Saint Paul Trail,North York,Canada,M3H,Ontario
161,Dallas,Poznanski,dpoznanski4g@artisteer.com,220-341-1601,706 Pearson Trail,Campo,Portugal,4715-477,Braga
167,Jessee,Grancher,jgrancher4m@virginia.edu,807-989-7191,3 Hazelcrest Junction,Arcossó,Portugal,5425-025,Vila Real
173,North,Manuaud,nmanuaud4s@baidu.com,672-988-4478,4 Forest Terrace,Shah Alam,Malaysia,40542,Selangor
175,Cory,Trahmel,ctrahmel4u@yahoo.co.jp,594-572-7251,7 Sunbrook Center,Sobreira,Portugal,5090-017,Vila Real
181,Pam,Clair,pclair50@rediff.com,933-622-4055,096 Independence Avenue,Aix-en-Provence,France,13853 CEDEX 3,Provence-Alpes-Côte d'Azur
188,Gage,Cutts,gcutts57@twitpic.com,361-643-0289,55423 Anhalt Way,Santiago dos Velhos,Portugal,2630-505,Lisboa
190,Romain,Klainman,rklainman59@icio.us,494-422-7570,2 Trailsway Trail,Azurva,Portugal,3800-745,Aveiro
201,Horten,Hattoe,hhattoe5k@businessweek.com,299-913-6192,42407 Randy Crossing,Borlänge,Sweden,781 96,Dalarna
246,Aindrea,Schwander,aschwander6t@slate.com,485-328-4202,7 Burrows Plaza,Saint-Priest,France,69794 CEDEX,Rhône-Alpes
269,Kahaleel,Gregorowicz,kgregorowicz7g@miibeian.gov.cn,930-763-7742,8 Raven Parkway,Évreux,France,27036 CEDEX,Haute-Normandie
273,Ulrike,Bambra,ubambra7k@deviantart.com,608-991-9705,6 Shasta Place,Serra da Boa Viagem,Portugal,3080-352,Coimbra
281,Jeffie,Montrose,jmontrose7s@senate.gov,268-822-8006,8 Buhler Street,Strasbourg,France,67961 CEDEX 9,Alsace
282,Lamar,Durnford,ldurnford7t@technorati.com,656-753-0528,53475 Fallview Road,Katwijk,Netherlands,2228,Provincie Zuid-Holland
283,Barnabas,Chaunce,bchaunce7u@gmpg.org,763-623-2769,1297 Cordelia Parkway,Cherbourg-Octeville,France,50109 CEDEX,Basse-Normandie
292,Ada,Spiniello,aspiniello83@ning.com,871-965-4835,0487 Hoffman Place,Funchalinho,Portugal,2825-106,Setúbal
293,Curtis,Barszczewski,cbarszczewski84@guardian.co.uk,132-769-8653,5 Burning Wood Pass,Kista,Sweden,164 35,Stockholm
299,Esdras,Kendrick,ekendrick8a@smh.com.au,950-282-2118,65325 Banding Parkway,Stockholm,Sweden,106 42,Stockholm
307,Cristabel,Harrad,charrad8i@shutterfly.com,362-783-1986,232 Little Fleur Junction,Bjärred,Sweden,237 24,Skåne
314,Pembroke,Canedo,pcanedo8p@stumbleupon.com,893-848-6513,12 Brickson Park Plaza,Kuala Lumpur,Malaysia,59800,Kuala Lumpur
315,Sophia,Geist,sgeist8q@comcast.net,448-842-9096,2 Union Court,Fontaínhas,Portugal,2300-174,Santarém
321,Kellyann,Sweetzer,ksweetzer8w@stanford.edu,349-373-1530,5828 Becker Alley,Rennes,France,35022 CEDEX 2,Bretagne
328,Odo,Bucke,obucke93@google.com,632-148-6805,9 Schurz Park,Ourentã,Portugal,3060-445,Coimbra
330,Ninette,Cranmer,ncranmer95@nps.gov,863-317-9375,26 Fisk Parkway,Castelnaudary,France,11493 CEDEX,Languedoc-Roussillon
336,Arch,Kolodziejski,akolodziejski9b@amazonaws.com,164-637-4833,90572 Anderson Terrace,La Esperanza,Mexico,95590,Veracruz Llave
353,Merrick,Domino,mdomino9s@opensource.org,200-503-6196,42 Anthes Road,Gravelbourg,Canada,G8V,Saskatchewan
362,Zebadiah,Allatt,zallatta1@youku.com,326-751-3360,881 Dapin Circle,Hendaye,France,64704 CEDEX,Aquitaine
365,Sky,McMurty,smcmurtya4@studiopress.com,183-659-1068,30329 East Park,São Tomé,Portugal,4795-549,Porto
366,Mahalia,Olyfant,molyfanta5@cisco.com,128-932-2178,05 Shasta Terrace,Lyon,France,69362 CEDEX 07,Rhône-Alpes
370,Corilla,McKelloch,cmckellocha9@squarespace.com,250-424-0359,33346 Mccormick Hill,Tanumshede,Sweden,457 81,Västra Götaland
371,Gus,Scala,gscalaaa@theglobeandmail.com,861-278-4362,01014 Tony Drive,Zselickislak,Hungary,7404,Somogy
385,Petronille,Parr,pparrao@mozilla.org,360-413-5292,50530 Heffernan Trail,Olympia,United States,98506,Washington
386,Alphard,Raecroft,araecroftap@marketwatch.com,662-931-7268,449 Crest Line Lane,Penticton,Canada,V2A,British Columbia
389,Rowan,MacGuffog,rmacguffogas@quantcast.com,836-451-5374,34 Dunning Avenue,Paris 12,France,75609 CEDEX 12,Île-de-France
391,Dorri,Trinder,dtrinderau@netvibes.com,408-501-1089,4009 Eggendart Hill,Paris 11,France,75547 CEDEX 11,Île-de-France
399,Donna,Bunstone,dbunstoneb2@desdev.cn,227-848-2058,78 Grim Center,Herrljunga,Sweden,524 24,Västra Götaland
419,Verne,Joskovitch,vjoskovitchbm@google.cn,719-264-0144,161 Browning Plaza,Colorado Springs,United States,80945,Colorado
424,Reed,Melville,rmelvillebr@cisco.com,742-238-4381,194 Welch Park,Ljungby,Sweden,341 70,Kronoberg
437,Gerick,Beckmann,gbeckmannc4@prnewswire.com,404-612-8552,92 Aberg Hill,Atlanta,United States,31136,Georgia
439,Deana,Connold,dconnoldc6@rambler.ru,344-912-3873,02 Harper Road,Apt,France,84404 CEDEX,Provence-Alpes-Côte d'Azur
442,Elden,Houliston,ehoulistonc9@lycos.com,961-419-5306,0335 Esker Way,Freiria,Portugal,2040-105,Santarém
443,Burgess,Stollen,bstollenca@cbslocal.com,405-359-8059,203 Crowley Lane,Oklahoma City,United States,73173,Oklahoma
453,Rodge,Legg,rleggck@elpais.com,702-850-3451,03184 Anniversary Trail,Oslo,Norway,1177,Oslo
465,Odilia,Platfoot,oplatfootcw@census.gov,748-327-1316,60564 Lerdahl Terrace,Linköping,Sweden,589 41,Östergötland
469,Marsha,Braben,mbrabend0@bing.com,299-897-5965,6650 Emmet Road,São Sebastião,Portugal,4990-640,Viana do Castelo
471,Ford,Backsal,fbacksald2@mail.ru,334-568-8327,3472 Hovde Plaza,Smithers,Canada,P3N,British Columbia
476,Kelsey,Klaves,kklavesd7@domainmarket.com,500-944-8091,37300 Rutledge Point,Monte Leite,Portugal,2765-317,Lisboa
478,Eada,How,ehowd9@devhub.com,107-495-5058,0 Grim Street,Alpiarça,Portugal,2090-023,Santarém
484,Duffie,Tyers,dtyersdf@ovh.net,331-235-3546,17474 Loomis Junction,Saint-Raymond,Canada,G3L,Québec
496,Kippie,Tidbald,ktidbalddr@ed.gov,708-710-0540,4839 Hintze Road,Paris La Défense,France,92907 CEDEX,Île-de-France
500,Kelly,Elphee,kelpheedv@free.fr,891-594-7079,6 Nancy Avenue,Nusajaya,Malaysia,79632,Johor
502,Tannie,Quayle,tquayledx@linkedin.com,120-582-5378,4447 Claremont Court,Lazaro Cardenas,Mexico,87326,Tamaulipas
503,Sondra,Walbrook,swalbrookdy@fotki.com,952-410-2918,0 Anderson Lane,Estrada,Portugal,4600-661,Porto
505,Cletus,Jamot,cjamote0@wsj.com,542-878-1821,0 Sachs Junction,São Pedro,Portugal,3090-748,Coimbra
529,Phylys,Huff,phuffeo@smh.com.au,916-589-0088,7957 Spenser Lane,Woodstock,Canada,E7M,Ontario
532,Merrie,Barg,mbarger@indiatimes.com,808-362-0424,10291 Macpherson Trail,Venda Nova,Portugal,2970-841,Setúbal
533,Ethel,O' Markey,eomarkeyes@naver.com,142-384-7604,6 Logan Lane,Saint-Avold,France,57509 CEDEX,Lorraine
538,Collete,Heijne,cheijneex@phpbb.com,213-743-0791,64 7th Place,Los Angeles,United States,90189,California
544,Pooh,Kensley,pkensleyf3@ihg.com,546-229-1882,97692 Spenser Road,Kuala Terengganu,Malaysia,20576,Terengganu
545,Haven,Roberts,hrobertsf4@biglobe.ne.jp,384-718-4417,87 Briar Crest Park,Leganes,Spain,28914,Madrid
546,Melanie,Ricciardiello,mricciardiellof5@mysql.com,235-189-4455,664 Melvin Circle,Lentisqueira,Portugal,3070-235,Coimbra
552,Maurie,Soppit,msoppitfb@diigo.com,708-878-2667,586 Scofield Court,Messina,Italy,98157,Sicilia
553,Giffie,Lindwasser,glindwasserfc@techcrunch.com,962-889-1344,546 Atwood Terrace,Pécs,Hungary,7610,Baranya
556,Darill,Semark,dsemarkff@dell.com,203-847-5190,70 Meadow Vale Pass,Waterbury,United States,06705,Connecticut
558,Ely,Losano,elosanofh@angelfire.com,357-413-9311,7 Nobel Plaza,Täby,Sweden,183 77,Stockholm
563,Herman,Durman,hdurmanfm@sina.com.cn,355-349-7818,495 Cardinal Junction,Flen,Sweden,642 24,Södermanland
565,Licha,Bowdery,lbowderyfo@narod.ru,706-407-2562,9 Burrows Court,Vila Nova,Portugal,4710-627,Braga
575,Lila,Gres,lgresfy@washington.edu,454-206-8295,92 Cherokee Junction,Alfeizerão,Portugal,2460-105,Leiria
576,Freeman,Baish,fbaishfz@mapquest.com,934-112-3043,4345 Florence Street,Saint-Étienne,France,42055 CEDEX 2,Rhône-Alpes
577,Chere,Longforth,clongforthg0@51.la,702-594-8029,554 Meadow Vale Point,Emiliano Zapata,Mexico,40896,Guerrero
579,Hayyim,Duigan,hduigang2@ebay.com,376-313-6538,07 Elka Center,Seremban,Malaysia,70536,Negeri Sembilan
584,Lorin,Murdie,lmurdieg7@smh.com.au,283-309-1619,90 Elka Lane,Valence,France,26029 CEDEX,Rhône-Alpes
585,Tristam,Pickless,tpicklessg8@toplist.cz,745-970-9280,6 Continental Circle,Nässjö,Sweden,571 92,Jönköping
587,Tamma,Forsdyke,tforsdykega@arizona.edu,374-553-8065,76404 American Way,Bradford,United Kingdom,BD7,England
588,Claudette,Brellin,cbrellingb@sourceforge.net,966-867-8074,5 Westport Court,Barreiros,Portugal,4615-492,Porto
603,Addy,Molder,amoldergq@desdev.cn,884-775-8416,3 Sutherland Crossing,Motala,Sweden,591 94,Östergötland
605,Iolanthe,Stolte,istoltegs@a8.net,101-976-3567,38574 Sage Place,Casal,Portugal,3700-732,Aveiro
622,Pet,Threadgold,pthreadgoldh9@surveymonkey.com,233-558-7680,660 Fallview Road,Brunflo,Sweden,834 33,Jämtland
642,Petr,Skep,pskepht@cmu.edu,861-865-0391,500 Graceland Road,Lons-le-Saunier,France,39004 CEDEX,Franche-Comté
655,Camala,Simkins,csimkinsi6@sciencedirect.com,347-207-4812,8 Lotheville Way,Limoges,France,87046 CEDEX 1,Limousin
657,Jeffy,Grewes,jgrewesi8@blogtalkradio.com,870-934-1085,8 Everett Street,Best,Netherlands,5684,Provincie Noord-Brabant
665,Kirby,Saw,ksawig@freewebs.com,985-936-6522,358 Pawling Alley,Mós,Portugal,5155-406,Guarda
687,Kalila,Yaakov,kyaakovj2@cargocollective.com,344-626-7304,60476 Cherokee Junction,Haninge,Sweden,136 49,Stockholm
695,Caryn,Paty,cpatyja@ihg.com,915-661-4171,3024 Melody Junction,Zaandam,Netherlands,1504,Provincie Noord-Holland
702,Elsworth,Parkey,eparkeyjh@cloudflare.com,639-147-9035,1884 Sloan Way,Oslo,Norway,0760,Oslo
706,Tallia,Roseman,trosemanjl@upenn.edu,398-589-7649,38572 International Park,Lamarosa,Portugal,3025-389,Coimbra
707,Micky,Greir,mgreirjm@google.ru,345-952-0593,26 Onsgard Center,Linköping,Sweden,585 97,Östergötland
711,Olga,Coorington,ocooringtonjq@sun.com,725-562-4028,98 Straubel Point,København,Denmark,1310,Region Hovedstaden
717,Shelia,Tibbles,stibblesjw@whitehouse.gov,627-209-1153,05 Commercial Court,Pulau Pinang,Malaysia,10840,Pulau Pinang
726,Yul,Mc Ilory,ymciloryk5@devhub.com,129-910-2863,3152 Arrowood Drive,Groningen,Netherlands,9730,Provincie Groningen
733,Alexandro,Salerg,asalergkc@artisteer.com,292-495-3944,3 Spenser Crossing,Créteil,France,94009 CEDEX,Île-de-France
735,Leela,Hartford,lhartfordke@examiner.com,762-580-5375,8 Ridgeview Crossing,Putrajaya,Malaysia,62692,Putrajaya
739,Cherish,Divell,cdivellki@i2i.jp,843-739-2577,36893 Coleman Plaza,Charleston,United States,29424,South Carolina
758,Wilton,Nelm,wnelml1@a8.net,848-533-8600,225 Maple Wood Road,Växjö,Sweden,352 54,Kronoberg
784,Denis,Petruk,dpetruklr@auda.org.au,490-305-6656,7 Merrick Point,København,Denmark,1430,Region Hovedstaden
792,Siegfried,McCandless,smccandlesslz@ucla.edu,608-776-1539,41 Lakewood Plaza,Halmstad,Sweden,302 55,Halland
803,Bartholomew,Goldingay,bgoldingayma@google.cn,401-796-3382,7212 Florence Hill,Amarillo,United States,79171,Texas
807,Schuyler,Mundell,smundellme@ehow.com,485-807-3320,580 Texas Street,Paraíso,Portugal,4550-455,Aveiro
816,Gerome,Bartolomeoni,gbartolomeonimn@alexa.com,916-793-3416,4 Homewood Point,Sacramento,United States,94207,California
817,Revkah,Humblestone,rhumblestonemo@google.es,735-598-7464,20 Moose Lane,Nantes,France,44945 CEDEX 9,Pays de la Loire
825,Andre,Meriot,ameriotmw@usatoday.com,805-147-4447,1449 Oak Alley,Antony,France,92169 CEDEX,Île-de-France
827,Jobi,Mountney,jmountneymy@wordpress.com,906-461-9183,0 Lunder Lane,Vila Moreira,Portugal,2380-638,Santarém
838,Brett,Daville,bdavillen9@elegantthemes.com,717-246-8441,096 Ramsey Junction,Lancaster,United States,17622,Pennsylvania
841,Pennie,Hatfull,phatfullnc@economist.com,616-793-8684,2 Schlimgen Terrace,Grand Rapids,United States,49505,Michigan
844,Evangelin,Dymidowski,edymidowskinf@homestead.com,590-359-6825,8 Ryan Crossing,Zürich,Switzerland,8037,Kanton Zürich
845,Rheba,Yarrell,ryarrellng@google.pl,850-656-9356,163 Dixon Parkway,Tallahassee,United States,32304,Florida
846,Celene,Saylor,csaylornh@paypal.com,219-904-1810,489 5th Alley,Delaware,Canada,M3H,Ontario
849,Ichabod,Strowger,istrowgernk@bandcamp.com,585-907-7372,96046 Mandrake Hill,Rochester,United States,14619,New York
857,Chev,Winsom,cwinsomns@netscape.com,838-926-3489,7 Oxford Lane,Blois,France,41919 CEDEX 9,Centre
859,Delano,Candie,dcandienu@toplist.cz,425-905-1728,3526 Farragut Way,Serra de Água,Portugal,9350-324,Ilha da Madeira
865,Garey,Willmont,gwillmonto0@webmd.com,854-896-8016,140 Glacier Hill Way,Agen,France,47923 CEDEX 9,Aquitaine
878,Sander,Landsberg,slandsbergod@privacy.gov.au,671-943-1937,66 Anhalt Terrace,Paços,Portugal,3700-803,Aveiro
881,Obadias,Flatte,oflatteog@miitbeian.gov.cn,269-316-8828,77358 Carioca Terrace,Killam,Canada,A0A,Alberta
887,Leshia,Dunlap,ldunlapom@edublogs.org,596-252-2146,04083 Spaight Crossing,Schiltigheim,France,67311 CEDEX,Alsace
900,Nevins,Easson,neassonoz@cpanel.net,569-639-9453,51972 Shoshone Trail,Göteborg,Sweden,412 79,Västra Götaland
906,Peria,Parfrey,pparfreyp5@goodreads.com,543-355-8955,5852 Forest Way,Torre,Portugal,5050-345,Vila Real
920,Ann-marie,Schulke,aschulkepj@army.mil,366-906-0671,41981 Florence Way,Saumur,France,49411 CEDEX,Pays de la Loire
925,Eleanore,Hake,ehakepo@java.com,701-983-6242,27831 Scofield Junction,Solna,Sweden,169 35,Stockholm
928,Ellissa,Cherryman,echerrymanpr@nba.com,158-852-0695,87 Northport Alley,Karlstad,Sweden,652 27,Värmland
937,Frasquito,Mole,fmoleq0@psu.edu,998-677-5320,949 Shelley Junction,Rueil-Malmaison,France,92509 CEDEX,Île-de-France
938,Ernestine,Pilkington,epilkingtonq1@themeforest.net,953-242-4762,68 Washington Hill,Witzenhausen,Germany,37217,Hessen
940,Lenore,Gervaise,lgervaiseq3@japanpost.jp,143-889-5633,8 Ryan Drive,Carcavelos,Portugal,4620-031,Porto
950,De,Schusterl,dschusterlqd@shop-pro.jp,573-546-2532,014 Starling Hill,Paço,Portugal,4615-196,Porto
952,Chiquia,Semrad,csemradqf@plala.or.jp,279-786-5725,2599 Sauthoff Point,Lazaro Cardenas,Mexico,22510,Baja California
953,L;urette,Betteriss,lbetterissqg@microsoft.com,859-423-7017,6979 Canary Park,Lexington,United States,40524,Kentucky
969,Edan,Ber,eberqw@live.com,200-544-7353,8748 Becker Avenue,West Kelowna,Canada,V1Z,British Columbia
970,Ashla,Pattillo,apattilloqx@wix.com,751-280-2306,5331 Orin Parkway,Outeiro,Portugal,4540-379,Aveiro
979,Lindy,Janodet,ljanodetr6@addtoany.com,274-236-7623,20149 Hoffman Terrace,Toulouse,France,31403 CEDEX 9,Midi-Pyrénées
983,Ferdinande,Kubanek,fkubanekra@e-recht24.de,255-444-5274,40 Eggendart Alley,Hägersten,Sweden,129 07,Stockholm
987,Georgeta,Hankey,ghankeyre@1688.com,818-165-7420,580 Sauthoff Street,Glendale,United States,91210,California
988,Kariotta,Janiak,kjaniakrf@go.com,703-282-1963,1916 Jana Court,Catujal,Portugal,2680-333,Lisboa
998,Chickie,Derell,cderellrp@auda.org.au,229-170-8719,3 Eagle Crest Circle,Saint-Laurent-Blangy,France,62055 CEDEX,Nord-Pas-de-Calais
