customer_id,first_name,last_name,email,phone_number,address,city,state,country,postal_code
1,Naomi,Fitzharris,,140-641-1405,8722 Stone Corner Court,Bosilovo,,Macedonia,2431
2,Ardisj,Yearn,ayearn1@github.com,702-843-5357,084 Graceland Lane,Reno,Nevada,United States,89550
3,Mackenzie,Hatterslay,mhatterslay2@t-online.de,457-909-3929,243 Old Gate Parkway,Montrouge,Île-de-France,France,92545 CEDEX
4,Rebeka,Largan,rlargan3@a8.net,240-358-1178,11 Sundown Center,Lyubimets,,Bulgaria,6522
5,Tera,Roseblade,troseblade4@wordpress.com,597-784-4177,11 Daystar Lane,Shengtang,,China,
6,Caryn,Atkins,catkins5@japanpost.jp,314-937-4098,90 Arapahoe Parkway,Batabanó,,Cuba,
7,Phillie,Charity,pcharity6@youtube.com,793-599-6590,7061 Becker Trail,Palestina de los Altos,,Guatemala,09024
8,Elene,Maraga,emaraga7@netvibes.com,151-755-4680,05292 Ohio Hill,Yilkiqi,,China,
9,Jules,Vassbender,,773-238-6590,44591 Carioca Park,Runting,,Indonesia,
10,Coleen,Niemiec,cniemiec9@yahoo.co.jp,685-796-8128,8 Upham Alley,Valuyki,,Russia,309999
11,Bryna,Shrimpton,bshrimptona@shutterfly.com,123-828-0520,08067 Surrey Crossing,Barreiros,Porto,Portugal,4615-492
12,Ulises,Lamble,,807-624-4190,31505 Cherokee Hill,Ilām,,Nepal,
13,Hubie,Parkins,hparkinsc@google.fr,500-979-5145,8 Valley Edge Pass,Patrída,,Greece,
14,Hattie,Ixer,hixerd@pbs.org,378-923-8909,9 Pankratz Trail,Rosa Zarate,,Ecuador,
15,Abdul,Dewhirst,,915-600-9079,6 Sherman Terrace,Istres,Provence-Alpes-Côte d'Azur,France,13807 CEDEX
16,Torrence,Chaperling,tchaperlingf@desdev.cn,161-542-6540,39 Rieder Road,Otaniemi,,Finland,32700
17,Joaquin,Shakelade,jshakeladeg@bluehost.com,599-176-6642,92 Loomis Parkway,Kaparéllion,,Greece,
18,Arel,Easter,aeasterh@cyberchimps.com,991-188-8087,8 Little Fleur Avenue,Loum,,Cameroon,
19,Kaitlin,Schankelborg,kschankelborgi@netscape.com,408-759-1551,85577 Springs Junction,Yono,,Japan,707-0112
20,Leighton,McMurtyr,lmcmurtyrj@who.int,560-680-7751,881 Stang Road,Gozdnica,,Poland,68-130
21,Bella,Aubert,baubertk@umich.edu,797-868-1525,8 Carberry Way,At Samat,,Thailand,45160
22,Olivia,Confort,oconfortl@aol.com,730-887-3437,21 8th Trail,Azua,,Dominican Republic,10607
23,Letizia,Dingsdale,ldingsdalem@vimeo.com,195-589-7162,822 Manley Center,Guaranda,,Ecuador,
24,Mireille,Rannald,mrannaldn@plala.or.jp,402-357-4103,76951 Bluestem Avenue,Igunga,,Tanzania,
25,Ramsay,Nazareth,rnazaretho@ameblo.jp,715-927-4222,4709 Sauthoff Center,Arbois,Franche-Comté,France,39605 CEDEX
26,Beaufort,Searle,bsearlep@networkadvertising.org,399-660-8857,1957 Riverside Street,Abuja,,Nigeria,
27,Myrtie,Bagguley,mbagguleyq@godaddy.com,190-360-7488,551 Dwight Circle,Dolisie,,Republic of the Congo,
28,Jillana,Rawcliffe,jrawcliffer@blog.com,137-928-2100,0388 Colorado Court,Veiga,Viana do Castelo,Portugal,4960-468
29,Rubetta,Blitzer,rblitzers@sun.com,368-593-7159,90936 Declaration Lane,Matamey,,Niger,
30,Reginald,Cran,rcrant@go.com,756-884-1962,133 Oxford Court,Pangkalan Kasai,,Indonesia,
31,Andrea,Boyda,aboydau@state.tx.us,939-566-4303,827 Mandrake Center,Pueblo Nuevo,,Panama,
32,Coretta,Overton,covertonv@ox.ac.uk,765-857-9859,46 Susan Parkway,Ndwedwe,,South Africa,4399
33,Madeline,Such,msuchw@elpais.com,987-796-4753,72 Eggendart Road,Yëlkino,,Russia,624214
34,Anet,Jozefczak,ajozefczakx@drupal.org,447-630-1125,81 Hallows Junction,Marcos Juárez,,Argentina,2580
35,Zorina,Guitton,zguittony@gov.uk,877-700-2801,11497 Hanson Circle,Haridimun,,Indonesia,
36,Jerome,Colegate,jcolegatez@topsy.com,520-608-1986,1725 Lighthouse Bay Junction,Yangjiaping,,China,
37,Phyllis,Haliburn,phaliburn10@earthlink.net,629-733-2182,9035 Forest Circle,Chanthaburi,,Thailand,10510
38,Modestine,Durante,mdurante11@patch.com,145-945-0926,779 Pawling Way,Moscow,,Russia,901993
39,Pippy,Whyberd,pwhyberd12@foxnews.com,308-963-7279,95 Portage Avenue,Sukabatu,,Indonesia,
40,Grannie,Ellcome,gellcome13@squidoo.com,564-400-3129,86 Mifflin Way,Bangluo,,China,
41,Elmo,Bonny,ebonny14@msu.edu,644-186-0339,93091 Sheridan Alley,Bayt Līd,,Palestinian Territory,
42,Ariela,Elgram,aelgram15@shutterfly.com,315-396-0582,01163 Hoffman Avenue,Bogotá,,Colombia,111831
43,Corey,Dowers,cdowers16@ask.com,134-658-7614,5801 Hanover Crossing,Addis Ababa,,Ethiopia,
44,Tonia,Hawtrey,thawtrey17@wikia.com,622-718-8279,011 Artisan Street,Pedro Leopoldo,,Brazil,33600-000
45,Gwennie,Pardey,,647-320-1179,0977 David Court,Jiangwakou,,China,
46,Immanuel,Punshon,ipunshon19@umich.edu,493-746-0132,52940 Crowley Pass,Bella Vista,,Dominican Republic,10112
47,Troy,Legg,tlegg1a@deliciousdays.com,907-690-4980,7509 Raven Pass,Kampunglistrik,,Indonesia,
48,Deeanne,Randales,drandales1b@dell.com,476-433-0845,3 Grim Trail,Shangkuli,,China,
49,Stephanus,Mounter,smounter1c@imgur.com,944-682-7806,6 Talisman Drive,Weizheng,,China,
50,Brien,Largen,blargen1d@ustream.tv,572-272-0084,814 Bunker Hill Avenue,Njurunda,Västernorrland,Sweden,862 95
51,Salvidor,Siward,ssiward1e@sfgate.com,606-679-0119,114 Coleman Terrace,Luwingu,,Zambia,
52,Tim,Brownill,tbrownill1f@ca.gov,248-274-1465,7 Dwight Plaza,Sindanghayu,,Indonesia,
53,Jody,McIlroy,jmcilroy1g@bbb.org,964-237-4762,0097 Southridge Point,Pulaukijang,,Indonesia,
54,Sherri,Steggles,ssteggles1h@ycombinator.com,561-674-3678,0335 Carpenter Hill,West Palm Beach,Florida,United States,33411
55,Nicolina,Spawforth,nspawforth1i@flavors.me,638-772-3315,835 Myrtle Crossing,Lengshui,,China,
56,Danya,Trustey,dtrustey1j@gnu.org,419-839-4118,22056 Esker Alley,Katagum,,Nigeria,
57,Windham,Dominka,wdominka1k@fema.gov,217-763-1096,7505 Marquette Terrace,Mugala,,China,
58,Zaccaria,Domotor,zdomotor1l@usda.gov,300-981-1395,55915 Haas Terrace,Vostryakovo,,Russia,141662
59,Raynard,Livingston,rlivingston1m@cam.ac.uk,201-724-5456,1206 Stang Way,Corquín,,Honduras,
60,Benny,Daldry,bdaldry1n@github.com,813-538-3218,00 Caliangt Plaza,Tampa,Florida,United States,33680
61,Astrid,Stigers,astigers1o@timesonline.co.uk,999-768-3302,22 Marcy Circle,Severodvinsk,,Russia,164509
62,Shanie,Waterfall,swaterfall1p@forbes.com,582-341-1182,29821 Marcy Point,Nakhon Pathom,,Thailand,40140
63,Trever,Melior,tmelior1q@washingtonpost.com,306-511-3370,5 Truax Center,Jami,,Indonesia,
64,Mead,China,mchina1r@amazon.com,738-940-6060,92 Monica Circle,Shajing,,China,
65,Annissa,Burdass,aburdass1s@plala.or.jp,892-560-7841,22 Nancy Way,Conceição da Feira,,Brazil,44320-000
66,Johann,Bisacre,jbisacre1t@scientificamerican.com,153-589-8768,3702 Bunting Way,Niort,Poitou-Charentes,France,79049 CEDEX 9
67,Jerrine,Hegarty,jhegarty1u@ca.gov,803-132-6765,13702 Waubesa Way,Sorokino,,Russia,659391
68,Ky,Bloxholm,kbloxholm1v@webnode.com,353-232-7304,8 Forster Terrace,Ban Huai Thalaeng,,Thailand,30240
69,Bibi,Castane,bcastane1w@i2i.jp,536-149-5849,601 Saint Paul Park,Alejandro Roca,,Argentina,2686
70,Margeaux,Brassill,mbrassill1x@storify.com,889-622-0883,14 Bunker Hill Court,Zhuting,,China,
71,Heriberto,Stubbington,,405-400-8742,08865 Lyons Alley,Paris 08,Île-de-France,France,75367 CEDEX 08
72,Adelaida,McCully,amccully1z@prweb.com,285-470-5831,06174 Bowman Circle,Tílisos,,Greece,
73,Gwendolen,Kitlee,gkitlee20@uiuc.edu,128-278-8215,39 Morningstar Circle,Hecheng,,China,
74,Caryl,Dumbarton,cdumbarton21@wordpress.com,139-999-7820,4942 Melrose Alley,Fushui,,China,
75,Alyssa,Gosby,agosby22@blog.com,133-999-8833,721 Mandrake Court,Campechuela,,Cuba,
76,Hildy,Red,hred23@godaddy.com,227-207-1964,4557 Blaine Plaza,Punta Hermosa,,Peru,
77,Kermie,Pipet,kpipet24@utexas.edu,748-282-6630,26485 Sage Avenue,Disūq,,Egypt,
78,Marlee,Pegram,mpegram25@whitehouse.gov,807-176-6128,4881 Badeau Terrace,Kotlas,,Russia,443543
79,Chrisse,Arnaudi,carnaudi26@homestead.com,685-126-3877,04 Di Loreto Court,Narva,,Estonia,
80,Catharine,Marginson,cmarginson27@istockphoto.com,249-938-2400,9 Ridgeview Street,Puerto Quijarro,,Bolivia,
81,Tony,Ville,tville28@domainmarket.com,236-595-0915,042 Goodland Road,Yuanyang,,China,
82,Nickie,Gopsill,ngopsill29@google.ca,663-786-2793,2 Texas Drive,Hotsk,,Belarus,
83,Lonna,McIlory,lmcilory2a@digg.com,819-132-6305,0 Claremont Parkway,Mbinga,,Tanzania,
84,Rodney,Yeskov,ryeskov2b@shutterfly.com,228-951-9886,2409 Huxley Trail,Iberia,,Peru,
85,Blaire,Friman,bfriman2c@forbes.com,167-900-1336,9 Rowland Junction,Ḩāfiz̧ Moghul,,Afghanistan,
86,Pierette,Pfaffel,ppfaffel2d@soundcloud.com,866-731-4572,2 Esker Drive,Kuteynykove,,Ukraine,
87,Trudie,Ilbert,,141-652-9535,59 Mesta Trail,Kuanghe,,China,
88,Sauncho,Giles,sgiles2f@tumblr.com,589-306-9848,940 Sugar Park,Bélel,,Cameroon,
89,Mariellen,Sauter,,899-955-1000,4 Granby Road,Viçosa,,Brazil,59815-000
90,Serene,Caustick,scaustick2h@comcast.net,856-867-8670,76650 Glendale Alley,Baihe,,China,
91,Bing,Lube,blube2i@discovery.com,334-333-3628,21 Hoepker Circle,Evxinoúpolis,,Greece,
92,Charley,Fowlston,cfowlston2j@tuttocitta.it,578-578-4748,4 Badeau Lane,La Dicha,,Philippines,7039
93,Arlinda,Loggie,aloggie2k@chicagotribune.com,290-542-2611,80845 Westerfield Point,Handegate,,China,
94,Griffie,Overal,goveral2l@xrea.com,136-730-8623,93 Anthes Drive,Hutang,,China,
95,Laurena,Eustice,leustice2m@webs.com,899-937-7063,6 Ridgeway Plaza,Żelistrzewo,,Poland,84-122
96,Hazel,Mahood,hmahood2n@bluehost.com,527-854-3799,9851 Buena Vista Plaza,Bayeman,,Indonesia,
97,Sileas,Paquet,spaquet2o@ucsd.edu,916-923-8668,31371 Corry Alley,Zhoupu,,China,
98,Ewan,Attenbarrow,eattenbarrow2p@symantec.com,361-324-1903,72 Banding Parkway,Barra,,Brazil,47100-000
99,Ewen,Yearne,eyearne2q@dailymotion.com,871-409-7816,69338 Golf Avenue,Ouanaminthe,,Haiti,
100,Rossie,Falcus,rfalcus2r@delicious.com,610-756-2250,9381 Larry Trail,Longaví,,Chile,
101,Filip,Childers,fchilders2s@cbslocal.com,500-199-5982,6 Hovde Crossing,Luthu,,Indonesia,
102,Daveen,Benois,dbenois2t@infoseek.co.jp,257-152-8127,93077 Bluejay Hill,Ålesund,More og Romdal,Norway,6015
103,Christos,Pampling,cpampling2u@abc.net.au,119-897-0099,66515 Sauthoff Drive,Buenos Aires,,Peru,
104,Aeriell,Goakes,,271-804-0782,3 Miller Circle,Babakansalam,,Indonesia,
105,Maureene,Caldow,mcaldow2w@w3.org,855-820-5156,96 Utah Park,Shipaidong,,China,
106,Emalia,Eschalotte,eeschalotte2x@cisco.com,978-632-2841,82583 Thompson Alley,Tsalka,,Georgia,
107,Isabelle,Oswell,ioswell2y@un.org,784-289-9424,58 Milwaukee Place,Malko Tŭrnovo,,Bulgaria,8359
108,Kelcy,Ferriday,kferriday2z@prnewswire.com,775-105-8206,731 Shelley Center,Luowan,,China,
109,Dore,Tyrrell,dtyrrell30@phoca.cz,597-851-7102,951 Arrowood Center,Abilay,,Philippines,5020
110,Rutledge,Iskow,riskow31@si.edu,506-699-0390,409 Sutherland Park,Waiwejak,,Indonesia,
111,Garry,Zarfai,gzarfai32@shop-pro.jp,345-705-9864,344 Sherman Trail,Los Fresnos,Guanajuato,Mexico,36750
112,Goddard,Cainey,gcainey33@fda.gov,558-411-7877,369 Carey Circle,Sanjiangkou,,China,
113,Ethan,Macewan,emacewan34@4shared.com,624-949-9363,09360 Butterfield Junction,Caxias do Sul,,Brazil,95000-000
114,Fayette,Bleasdille,fbleasdille35@earthlink.net,494-505-9321,01317 Pond Avenue,Roshchino,,Russia,456510
115,Lilas,Brecher,lbrecher36@people.com.cn,277-968-0164,1403 Waxwing Circle,Weichanglu,,China,
116,Paulo,Gyse,pgyse37@wufoo.com,459-533-0152,0 Jenna Point,Lapuyan,,Philippines,7037
117,Waldon,Arthey,warthey38@reverbnation.com,566-984-2097,8995 Lawn Center,Kalandagan,,Philippines,9802
118,Meriel,Lay,mlay39@4shared.com,307-494-5624,1 Amoth Park,Candon,,Philippines,2709
119,Lishe,Sevitt,lsevitt3a@statcounter.com,943-978-6853,63 Melrose Place,Skurup,Skåne,Sweden,274 34
120,Mathilda,Ambage,mambage3b@smugmug.com,987-646-0070,8 Forster Lane,München,Bayern,Germany,80686
121,Jeth,Schoenleiter,,345-899-9518,178 Loeprich Park,El Tambo,,Peru,
122,Pooh,Purver,ppurver3d@dion.ne.jp,908-461-2989,67 Dennis Terrace,Bultfontein,,South Africa,9670
123,Selina,Grealish,sgrealish3e@yandex.ru,138-772-7559,76 Wayridge Road,Otradnyy,,Russia,629320
124,Ashlie,Dummigan,adummigan3f@redcross.org,757-548-8431,659 Ronald Regan Lane,Salamá,,Guatemala,15001
125,Kare,Broggelli,kbroggelli3g@un.org,563-895-2353,6963 Columbus Center,Leme,,Brazil,13610-000
126,Odetta,Poletto,opoletto3h@123-reg.co.uk,112-978-5656,63 Washington Junction,Choushui,,China,
127,Danya,Muge,dmuge3i@miibeian.gov.cn,650-883-1206,2875 Prairie Rose Avenue,Bollnäs,Gävleborg,Sweden,821 94
128,Rodd,Rosen,rrosen3j@google.nl,141-309-2761,5 Chive Drive,München,Bayern,Germany,81373
129,Drusie,Castangia,dcastangia3k@usda.gov,707-637-5000,51236 La Follette Street,Palma De Mallorca,Baleares,Spain,07010
130,Sterne,Coppock.,scoppock3l@thetimes.co.uk,814-816-9940,3 Straubel Avenue,Mambalan,,Indonesia,
131,Julianna,Manueau,jmanueau3m@taobao.com,251-785-8329,8 Village Green Trail,Dengteke,,China,
132,Garwood,Dossit,gdossit3n@jigsy.com,798-189-0151,36 Coolidge Crossing,Langkapcaang Hilir,,Indonesia,
133,Willey,Godrich,wgodrich3o@europa.eu,246-687-1050,34037 Moulton Parkway,Zhenqiao,,China,
134,Raimund,Sealey,rsealey3p@artisteer.com,543-885-2289,68 Goodland Point,Machala,,Ecuador,
135,Mohandis,Marl,mmarl3q@twitpic.com,651-107-8718,06 Fisk Alley,Áno Kopanákion,,Greece,
136,Janith,Brockton,jbrockton3r@domainmarket.com,928-315-2675,78 Ruskin Way,Tateyama,,Japan,999-6732
137,Buckie,Caroli,bcaroli3s@businessweek.com,222-566-5719,64 Declaration Circle,Leicheng,,China,
138,Ravi,Elizabeth,relizabeth3t@biblegateway.com,410-160-4705,6568 Bobwhite Crossing,Baltimore,Maryland,United States,21216
139,Hulda,Khristyukhin,hkhristyukhin3u@vistaprint.com,587-909-9857,95 Tennessee Road,Xiyuan,,China,
140,Flint,Meneyer,fmeneyer3v@delicious.com,305-830-9341,12 Shasta Trail,Qinghaihu,,China,
141,Lanita,Tebbit,ltebbit3w@alibaba.com,103-260-0202,6185 Bultman Park,Hamburg Harvestehude,Hamburg,Germany,20249
142,Henrik,Slinn,hslinn3x@state.tx.us,720-959-5632,12591 Hermina Hill,Solntsevo,,Russia,243429
143,Mandie,Cosson,mcosson3y@hugedomains.com,999-734-2527,8 Riverside Place,Kurchaloy,,Russia,366319
144,Marshal,Ox,mox3z@google.ru,542-738-0850,068 Arizona Parkway,Zlataritsa,,Bulgaria,5170
145,Linus,Dorton,ldorton40@theatlantic.com,893-864-7088,120 Sauthoff Street,Porto Alegre,,Brazil,90000-000
146,Kimberli,Gowman,kgowman41@dagondesign.com,987-878-5363,60 Derek Plaza,Barotac Nuevo,,Philippines,1045
147,Ladonna,Runcie,lruncie42@typepad.com,449-835-0991,4922 Sage Place,Velventós,,Greece,
148,Onida,Botger,obotger43@desdev.cn,753-839-8864,16261 Vidon Pass,Yanchi,,China,
149,Hastie,Rigbye,hrigbye44@123-reg.co.uk,890-872-9335,7 Chinook Way,Douniani,,Comoros,
150,Obadias,Videneev,ovideneev45@vinaora.com,839-970-2242,152 Northport Terrace,Rosmalen,Provincie Noord-Brabant,Netherlands,5244
151,Shelby,Deboy,sdeboy46@phoca.cz,399-200-4683,1198 South Plaza,Casal Novo,Castelo Branco,Portugal,6100-218
152,Kora,Kunzelmann,kkunzelmann47@meetup.com,279-742-9382,16400 Monument Crossing,Lokorae,,Indonesia,
153,Haroun,Bollin,hbollin48@techcrunch.com,320-536-7299,5 Bay Plaza,Klavdiyevo-Tarasove,,Ukraine,
154,Kaine,Schechter,kschechter49@huffingtonpost.com,759-899-9497,4591 North Pass,Mulanje,,Malawi,
155,Harlin,Wittier,hwittier4a@artisteer.com,468-453-3000,48 Oak Road,Babatngon,,Philippines,6520
156,Cherie,Arundell,,364-111-5162,3 Stuart Lane,Mó,Braga,Portugal,4730-062
157,Gwenore,Cabrales,gcabrales4c@kickstarter.com,625-187-7183,0537 Charing Cross Plaza,Dodoma,,Tanzania,
158,Ardys,Sayers,asayers4d@discovery.com,971-539-9357,8 Laurel Way,Ludwigshafen am Rhein,Rheinland-Pfalz,Germany,67067
159,Doris,Goodman,dgoodman4e@google.co.jp,100-522-7423,04473 2nd Avenue,Beicang,,China,
160,Parrnell,Jenkin,pjenkin4f@stumbleupon.com,578-854-0006,9 Gina Place,Iwase,,Japan,948-0212
161,Rianon,Salan,,810-746-7621,64 Moland Alley,Lipnik,,Poland,27-540
162,Yorker,Pealing,,837-825-7579,8 Marcy Pass,Yanshang,,China,
163,Garrek,Maplethorpe,gmaplethorpe4i@oakley.com,337-212-4923,9 Nova Circle,Nurmo,,Finland,60550
164,Guido,Merryman,gmerryman4j@nifty.com,815-377-0139,39468 Transport Alley,Ikot-Ekpene,,Nigeria,
165,Osmund,Sacks,,905-602-0394,253 Hoepker Lane,Toulouse,Midi-Pyrénées,France,31059 CEDEX 9
166,Constance,Stockford,cstockford4l@globo.com,242-150-9411,6 Fordem Avenue,Vrachnaíika,,Greece,
167,Sari,Lang,slang4m@cnn.com,256-458-8037,2 1st Avenue,Anniston,Alabama,United States,36205
168,Ignatius,Shoulders,,512-171-7499,1264 Delladonna Crossing,Cerinza,,Colombia,150627
169,Rudyard,Cornborough,rcornborough4o@bloglovin.com,428-482-8928,27027 Fallview Trail,Chengjiao,,China,
170,Dorena,Coalburn,dcoalburn4p@cafepress.com,126-246-4211,661 Anthes Circle,Mache,,Peru,
171,Benn,Cammacke,bcammacke4q@berkeley.edu,832-400-8781,97144 Springs Trail,Septfontaines,,Luxembourg,L-8396
172,Zollie,Malicki,zmalicki4r@icq.com,599-310-4013,366 Meadow Ridge Parkway,Caxito,,Angola,
173,Edwin,Carlaw,ecarlaw4s@reddit.com,949-463-5558,98 Northland Hill,Hulitu,,China,
174,Gabriel,O'Dooghaine,,262-479-7384,01037 Clove Drive,Kalapagada,,Indonesia,
175,Jesus,Chalcraft,jchalcraft4u@gov.uk,479-766-5019,27 Kinsman Hill,Chongxian,,China,
176,Nariko,Wartnaby,nwartnaby4v@tuttocitta.it,823-457-7026,4055 Memorial Parkway,Hongqi Yingzi,,China,
177,Sloan,Horstead,shorstead4w@seesaa.net,196-112-2827,5 4th Point,Huanoquite,,Peru,
178,Shanda,Avrahm,savrahm4x@stanford.edu,696-561-0537,704 Kings Lane,Al Ḩusayn,,Yemen,
179,Inessa,Mephan,,840-966-5545,3 Dahle Crossing,Wahawaha,,Indonesia,
180,Stirling,Schrader,sschrader4z@slate.com,389-721-3914,0 Drewry Street,Linshi,,China,
181,Marlon,Vasyunichev,mvasyunichev50@51.la,405-206-3604,55 Brown Center,Abbotsford,British Columbia,Canada,L9T
182,Gerek,Bellison,gbellison51@example.com,457-862-6653,4 Old Shore Hill,Dujiajing,,China,
183,Hyacinthia,Yanson,hyanson52@narod.ru,937-825-0444,5 Monterey Alley,Dayton,Ohio,United States,45426
184,Kandace,Melia,kmelia53@mtv.com,916-457-8612,49573 Bluestem Alley,Chernomorets,,Bulgaria,8151
185,Christiane,Crawford,,636-172-9540,23267 Moland Drive,Xiaofayi,,China,
186,Whitney,Scotfurth,wscotfurth55@hibu.com,776-149-5099,5859 Delladonna Drive,Kassándreia,,Greece,
187,Shem,Paszak,spaszak56@vkontakte.ru,139-659-9100,86 Arizona Trail,Fornos,Bragança,Portugal,5180-015
188,Clayson,Banes,cbanes57@cloudflare.com,908-212-3416,62898 Victoria Hill,Bragança Paulista,,Brazil,12900-000
189,Niki,Bentham3,nbentham58@utexas.edu,990-663-3849,58279 Rieder Park,Cuijiamatou,,China,
190,Elwyn,Jochanany,ejochanany59@spiegel.de,554-502-5220,05911 Haas Place,Shupenzë,,Albania,
191,Ronda,Toffts,,320-876-5997,809 Fulton Hill,Stavanger,Rogaland,Norway,4015
192,Laryssa,de Juares,ldejuares5b@naver.com,942-295-5984,94 Sloan Pass,Kurów,,Poland,24-170
193,Ethe,Langman,elangman5c@tripod.com,299-648-7469,516 Pennsylvania Drive,Hexi,,China,
194,Amelia,Grayshan,agrayshan5d@shop-pro.jp,966-414-0740,07850 Saint Paul Plaza,Ketapang,,Indonesia,
195,Huberto,Foulcher,hfoulcher5e@usgs.gov,354-790-5770,0293 Mallard Alley,Orléans,Centre,France,45979 CEDEX 9
196,Francesco,Huddles,,223-217-2422,5895 Columbus Circle,Alannay,,Philippines,3524
197,Xymenes,Scullard,,147-721-3923,34186 Red Cloud Street,Palestina de los Altos,,Guatemala,09024
198,Ted,Zouch,tzouch5h@meetup.com,271-355-7149,4 Talisman Way,Thị Trấn Bắc Hà,,Vietnam,
199,Yorgos,Leverington,yleverington5i@ocn.ne.jp,715-142-6376,29 Meadow Vale Alley,El Cobre,,Venezuela,
200,Chere,Manchett,cmanchett5j@boston.com,565-635-1522,2668 Pepper Wood Alley,Cibenda,,Indonesia,
201,Corny,Crigin,ccrigin5k@usda.gov,828-664-8882,40 Pennsylvania Drive,Celeirós,Vila Real,Portugal,5060-016
202,Elaina,Shepcutt,eshepcutt5l@people.com.cn,638-950-4201,94 Monument Terrace,Soisy-sous-Montmorency,Île-de-France,France,95234
203,Konstance,Vasyukhin,kvasyukhin5m@ow.ly,560-199-6901,99 Sheridan Place,Erniusuokou,,China,
204,Reuben,Pearcehouse,rpearcehouse5n@histats.com,633-428-1772,7 Melvin Street,Cinyawang,,Indonesia,
205,Joana,Robinett,jrobinett5o@redcross.org,927-861-2287,52530 Rutledge Lane,Paris 01,Île-de-France,France,75100 CEDEX 01
206,Cory,Showell,cshowell5p@etsy.com,885-537-6526,85 Fairview Terrace,Citarik,,Indonesia,
207,Aldrich,Mounce,,862-800-3285,9 Twin Pines Crossing,Kalasin,,Thailand,46000
208,Cullen,Fildes,cfildes5r@senate.gov,906-378-7498,047 2nd Center,Sydney,New South Wales,Australia,1196
209,Witty,Ethridge,wethridge5s@umn.edu,419-531-6506,82 Longview Hill,Puerto Montt,,Chile,
210,Dan,Mowat,dmowat5t@creativecommons.org,824-249-7166,2149 Autumn Leaf Court,Ostrowite,,Poland,87-522
211,Christen,Gavrielly,cgavrielly5u@gravatar.com,912-494-4034,2385 Monument Court,Suocheng,,China,
212,Alanson,Aprahamian,aaprahamian5v@miibeian.gov.cn,771-924-1615,666 Hansons Alley,Banjar Bucu,,Indonesia,
213,Fayth,Thouless,fthouless5w@scientificamerican.com,774-545-4672,40614 Mccormick Parkway,Yaosai,,China,
214,Wallas,Hurry,,385-673-3504,373 Glacier Hill Way,Nakhon Chai Si,,Thailand,40160
215,Jacquie,Gain,jgain5y@cbsnews.com,629-431-0980,2840 Melby Place,Ceadîr-Lunga,,Moldova,MD-6114
216,Cheryl,Tinham,ctinham5z@dion.ne.jp,889-684-6815,78 American Ash Court,Banyubang,,Indonesia,
217,Lefty,Bulle,lbulle60@booking.com,984-704-5105,6769 Lakewood Gardens Street,Seren Barat,,Indonesia,
218,Filmore,Kelberer,fkelberer61@bravesites.com,327-402-5467,5856 Loeprich Place,Barão de Melgaço,,Brazil,78190-000
219,Terrell,Kubasek,tkubasek62@vk.com,211-629-5749,9 Sunnyside Lane,Karang Kulon,,Indonesia,
220,Cathi,Shepherdson,,831-248-1952,02573 Sachs Circle,Loureiro,Viana do Castelo,Portugal,4980-744
221,Cynthy,Leyzell,cleyzell64@bloomberg.com,138-322-2383,84 Northridge Lane,Jinggongqiao,,China,
222,Agata,Lashford,alashford65@comsenz.com,363-393-1461,79391 Reindahl Junction,San Rafael,,Philippines,5039
223,Bamby,Wimlet,bwimlet66@google.cn,968-832-1214,284 Duke Parkway,La Rochelle,Poitou-Charentes,France,17004 CEDEX 1
224,Ingar,Compson,icompson67@google.cn,805-635-8772,2311 Merrick Trail,Krzyżanów,,Poland,99-314
225,Isidora,Sterricker,isterricker68@wsj.com,500-221-4292,68886 Butternut Avenue,Chelgard,,Iran,
226,Norene,Barden,nbarden69@surveymonkey.com,810-615-5840,995 Northwestern Street,Jinze,,China,
227,Hildegaard,Fawdrie,,105-840-1403,93 Blackbird Avenue,Wangjing,,China,
228,Gilburt,Bleesing,gbleesing6b@hostgator.com,468-317-5705,7 Katie Avenue,Shengze,,China,
229,Marci,Scanterbury,mscanterbury6c@pbs.org,628-979-9699,12741 Tony Terrace,Mandaguari,,Brazil,86975-000
230,Benji,Hurdiss,bhurdiss6d@google.ca,565-273-0541,0 Truax Pass,Cevicos,,Dominican Republic,10702
231,Merry,Ridgers,,128-470-4524,849 Holy Cross Center,Zakliczyn,,Poland,32-840
232,Heriberto,McGeever,hmcgeever6f@foxnews.com,615-484-1456,54134 Ridgeway Alley,Nàng Mau,,Vietnam,
233,Orville,Blethyn,,564-566-4241,528 Loeprich Crossing,Taypano,,Philippines,1066
234,Win,Mahon,wmahon6h@123-reg.co.uk,555-296-3805,2 Mallory Avenue,Şabrātah,,Libya,
235,Erwin,Killigrew,ekilligrew6i@g.co,517-910-9275,1177 Prairie Rose Junction,Vrbovec,,Croatia,10340
236,Geri,Raecroft,graecroft6j@360.cn,668-102-0493,6096 Duke Park,Sulop,,Philippines,8009
237,Rosy,Wapol,rwapol6k@prlog.org,958-885-3964,14336 Namekagon Trail,Alor Star,Kedah,Malaysia,06250
238,Sue,Kynforth,skynforth6l@china.com.cn,623-863-8762,5 Kedzie Drive,Jincang,,China,
239,Olag,Hallmark,ohallmark6m@un.org,947-946-4085,68 Northfield Avenue,‘Izrā,,Jordan,
240,Jerry,Imrie,jimrie6n@dion.ne.jp,645-843-6111,5838 Packers Street,"Palmas De Gran Canaria, Las",Canarias,Spain,35005
241,Ingaberg,Godfree,igodfree6o@newsvine.com,280-845-9645,4458 Columbus Court,Pontes,Santarém,Portugal,2435-127
242,Nadiya,Roglieri,nroglieri6p@trellian.com,699-123-3527,3700 Porter Drive,Lubu,,China,
243,Nichole,Spencer,nspencer6q@huffingtonpost.com,177-444-7150,374 Packers Drive,Horvati,,Croatia,10436
244,Kelley,Craighead,,378-527-3597,406 Ryan Park,Metapán,,El Salvador,
245,Davine,Sherrard,dsherrard6s@purevolume.com,889-112-8842,15020 High Crossing Plaza,Jingzhou,,China,
246,Saunder,Kitchingman,skitchingman6t@odnoklassniki.ru,343-694-4641,94119 Killdeer Alley,Tanahwulan,,Indonesia,
247,Sawyere,Scarisbrick,sscarisbrick6u@nih.gov,850-765-3174,250 Saint Paul Court,Káto Nevrokópi,,Greece,
248,Calli,Swan,cswan6v@noaa.gov,732-394-0306,5 Bashford Place,Shangyuan,,China,
249,Ramonda,Rabbitt,rrabbitt6w@nymag.com,637-645-0861,80626 Heffernan Court,Hobor,,China,
250,Gerry,Bartolini,gbartolini6x@goo.gl,159-186-4318,90 Hanson Center,Urbano Noris,,Cuba,
251,Cecil,Hugh,chugh6y@jigsy.com,123-962-2251,60479 Thackeray Drive,Zharkent,,Kazakhstan,
252,Lorrayne,Chasmer,lchasmer6z@nature.com,187-693-0027,73 Fairfield Circle,Harnoli,,Pakistan,42020
253,Hedy,Heinlein,hheinlein70@unesco.org,411-862-5266,675 Marquette Parkway,Pili,,Indonesia,
254,Edik,Khalid,,230-458-4307,6765 Warrior Avenue,Zabłocie,,Poland,43-523
255,Ilsa,Brickdale,ibrickdale72@pbs.org,303-833-0706,5113 Ilene Point,Boulder,Colorado,United States,80305
256,Kissie,Large,klarge73@phoca.cz,386-334-1476,5 Chinook Alley,Hovås,Västra Götaland,Sweden,436 54
257,Virgina,Dulinty,vdulinty74@yolasite.com,730-184-5048,0185 Beilfuss Center,Qagan Obo,,China,
258,Delia,Noades,,429-787-8677,6413 Dryden Way,Oltinko’l,,Uzbekistan,
259,Yalonda,Giacopello,ygiacopello76@friendfeed.com,541-634-1089,76 Alpine Center,Mohelnice,,Czech Republic,789 85
260,Flss,Stanyland,fstanyland77@economist.com,596-773-1599,12739 Kennedy Road,Yongfeng,,China,
261,Blinnie,Bigley,,260-240-6667,39 Comanche Alley,Ban Talat Bueng,,Thailand,20170
262,Gram,Martinello,gmartinello79@wordpress.org,511-569-2605,41 Schurz Junction,Puerto Rico,,Peru,
263,Jose,Garside,jgarside7a@yelp.com,873-951-5779,4 Pepper Wood Lane,Beaumont,,Ireland,D17
264,Mommy,Hardeman,,525-772-9872,483 Forest Run Park,Tsant,,Mongolia,
265,Merwin,Purbrick,mpurbrick7c@forbes.com,849-188-0742,07108 Northwestern Street,Joševa,,Serbia,
266,Ronni,Scay,rscay7d@mozilla.com,463-487-0428,27133 Leroy Center,Hvar,,Croatia,21450
267,Rockwell,Speeks,,827-853-0245,1 Quincy Drive,Chýnov,,Czech Republic,391 55
268,Sanderson,Leahair,sleahair7f@g.co,634-710-1273,1 Kings Crossing,Ampelákia,,Greece,
269,Birgitta,Harvett,bharvett7g@wired.com,907-949-6732,8 Schmedeman Point,Bulan,,Philippines,4706
270,Gwenni,Meeks,gmeeks7h@squarespace.com,761-215-8538,5 Cherokee Avenue,Tangkanpulit,,Indonesia,
271,Paulie,Kewley,pkewley7i@wired.com,613-664-4135,97055 Coolidge Avenue,Jieduo,,China,
272,Merrill,Sugars,msugars7j@irs.gov,281-577-8152,98 Meadow Ridge Place,Krasnyy Oktyabr’,,Russia,601974
273,Kellen,Moynihan,,807-204-8879,690 Talisman Street,Priupskiy,,Russia,102042
274,Laina,Peploe,lpeploe7l@desdev.cn,865-115-8180,91786 Ridgeview Way,Örebro,Örebro,Sweden,701 91
275,Dido,Herity,dherity7m@nps.gov,601-149-2245,96 Old Shore Pass,Chaumont,Champagne-Ardenne,France,52011 CEDEX
276,Caddric,Giddy,cgiddy7n@edublogs.org,597-745-1394,311 Knutson Hill,Uspenskoye,,Russia,352450
277,Janel,Buntain,jbuntain7o@google.es,270-535-8182,4066 Center Park,Marevo,,Russia,175350
278,Monique,Espadate,mespadate7p@quantcast.com,313-840-8014,0587 Veith Park,Blachownia,,Poland,42-293
279,Haleigh,Stoneham,hstoneham7q@biblegateway.com,105-372-2348,73 Hermina Center,Rio Meão,Aveiro,Portugal,4520-471
280,Mignonne,Kyngdon,mkyngdon7r@noaa.gov,498-857-4809,1037 Forster Park,Shchigry,,Russia,399505
281,Adrianne,Spring,aspring7s@archive.org,284-222-1369,8642 Lighthouse Bay Alley,Sertolovo,,Russia,197758
282,Marlo,Shearsby,mshearsby7t@ucla.edu,955-305-2675,3 Glacier Hill Street,Montague,Prince Edward Island,Canada,C0A
283,Cozmo,Noe,cnoe7u@flickr.com,738-229-2558,52 Rowland Parkway,Dolní Černilov,,Czech Republic,503 03
284,Roch,Cool,rcool7v@naver.com,560-198-7368,8 Eggendart Street,Aksu,,Kazakhstan,
285,Alford,Silley,asilley7w@icio.us,479-992-8743,36055 Sunbrook Park,Khānaqāh,,Afghanistan,
286,North,Ewers,newers7x@marketwatch.com,394-668-4600,18 Florence Pass,L-Iklin,,Malta,ZTN
287,Fanechka,Tredgold,ftredgold7y@tiny.cc,410-677-0130,81360 Harbort Hill,Chiclayo,,Peru,
288,Arlinda,Gier,agier7z@blogs.com,562-555-9449,5492 Tennyson Place,Guilmaro,,Benin,
289,Danie,Dell Casa,ddellcasa80@360.cn,270-159-7445,0 Truax Place,Deh-e Now,,Afghanistan,
290,Tanhya,Playdon,tplaydon81@w3.org,780-331-3456,08826 Evergreen Trail,Aquin,,Haiti,
291,Rosette,Brimilcome,rbrimilcome82@quantcast.com,861-470-8928,864 Talisman Avenue,Sucun,,China,
292,Antonia,Atrill,,870-405-6020,3134 Autumn Leaf Alley,Túquerres,,Colombia,525537
293,Wendel,Ratledge,wratledge84@nyu.edu,327-416-5876,7623 Boyd Parkway,Zselickislak,Somogy,Hungary,7404
294,Sammie,Leatherland,sleatherland85@salon.com,269-790-1150,960 Union Hill,Santa Teresa First,,Philippines,2005
295,Bondon,Gypps,bgypps86@kickstarter.com,279-414-9985,1 Vidon Way,Bačka Palanka,,Serbia,
296,Oona,Tombling,otombling87@ed.gov,455-192-3667,64 West Crossing,Letsheng,,Botswana,
297,Harli,Kabisch,hkabisch88@barnesandnoble.com,680-839-7663,5229 Red Cloud Center,Puntarenas,,Costa Rica,60101
298,Janice,Piens,jpiens89@reverbnation.com,590-838-9622,1126 Darwin Court,Bartolomé Masó,,Cuba,
299,Kerry,Scaysbrook,kscaysbrook8a@ustream.tv,594-719-4869,73 Lighthouse Bay Street,Xinhui,,China,
300,Genni,Sherwood,gsherwood8b@sakura.ne.jp,889-987-2602,909 Trailsway Street,Krajan Atas Suger Lor,,Indonesia,
301,Inessa,Sibery,isibery8c@cdc.gov,764-232-5581,483 Paget Park,Mali Iđoš,,Serbia,
302,Tina,Cockings,tcockings8d@ow.ly,863-272-6080,070 Maywood Avenue,Chelles,Île-de-France,France,77504 CEDEX
303,Pierrette,Chern,pchern8e@wordpress.org,864-868-7559,43181 Chive Avenue,Malya,,Tanzania,
304,Dana,Mongin,dmongin8f@youtu.be,561-269-2387,2088 Nelson Park,Shaxi,,China,
305,Lynelle,Portsmouth,lportsmouth8g@vk.com,156-643-8454,66 Anthes Point,Szlachta,,Poland,83-243
306,Merrill,Pardew,mpardew8h@whitehouse.gov,750-879-8340,778 Hallows Way,Göteborg,Västra Götaland,Sweden,402 57
307,Frank,Feltoe,ffeltoe8i@google.cn,902-909-8962,7324 Caliangt Point,Naga,,Philippines,7004
308,Lina,Finley,lfinley8j@wikia.com,905-339-5526,4995 Kedzie Avenue,Tagbina,,Philippines,8308
309,Matthus,Thon,mthon8k@ucoz.ru,555-254-3179,20378 Roxbury Circle,Ganshui,,China,
310,Marrilee,Seamen,mseamen8l@xinhuanet.com,985-444-4221,36 Birchwood Place,Sidonganti,,Indonesia,
311,Beck,Durrad,bdurrad8m@slideshare.net,505-944-1061,863 Farwell Avenue,K Bang,,Vietnam,
312,Rinaldo,Elcome,relcome8n@cargocollective.com,175-923-9478,5219 Summit Center,El Rosario,,El Salvador,
313,Paton,Dorning,pdorning8o@mapquest.com,984-411-5809,63 Bartelt Circle,Tundagan,,Indonesia,
314,Winnifred,Martschke,wmartschke8p@eepurl.com,104-465-0589,8 Havey Point,Mbandjok,,Cameroon,
315,Forrest,Gallard,fgallard8q@economist.com,530-601-6043,52 Red Cloud Parkway,Cochabamba,,Peru,
316,Giusto,De Bruijne,gdebruijne8r@sogou.com,178-405-8561,1 Rockefeller Avenue,Midões,Braga,Portugal,4755-318
317,Bryan,Brissard,bbrissard8s@phoca.cz,936-666-8475,4344 Rockefeller Street,Nicoya,,Costa Rica,50201
318,Scot,Gozzett,sgozzett8t@wikipedia.org,798-837-6403,903 Mitchell Junction,Cabanaconde,,Peru,
319,Sully,Hynes,shynes8u@guardian.co.uk,459-446-1320,16 Gina Trail,Qianjin,,China,
320,Torre,Klauber,tklauber8v@vistaprint.com,400-482-4760,79744 Bashford Park,Chernukha,,Russia,607210
321,Stavro,Hawler,shawler8w@gmpg.org,943-375-2411,9 Cascade Park,Achadinha,Ilha de São Miguel,Portugal,9630-045
322,Raf,Rummer,rrummer8x@china.com.cn,770-633-1334,29395 Lake View Crossing,Mendeleyevsk,,Russia,423650
323,Cammie,McKinie,cmckinie8y@state.tx.us,389-442-5077,64 Mallard Plaza,Kufa,,Iraq,
324,Lucina,Manners,lmanners8z@biblegateway.com,872-803-1786,2 Dorton Plaza,Bojong,,Indonesia,
325,Gawen,Coners,gconers90@cargocollective.com,322-147-6045,44439 Scott Drive,Klang,Selangor,Malaysia,41200
326,Verene,Murrison,vmurrison91@quantcast.com,447-895-3501,5167 Melrose Pass,Maubeuge,Nord-Pas-de-Calais,France,59604 CEDEX
327,Minetta,Zellick,mzellick92@youtube.com,648-191-4848,16901 Reindahl Plaza,Červená Voda,,Czech Republic,561 61
328,Marlyn,Dobrowlski,mdobrowlski93@live.com,455-991-0413,22 Monica Junction,Pohbango,,Indonesia,
329,Jo-ann,Mounfield,jmounfield94@springer.com,799-359-8021,6669 Gerald Point,Vila Nova,Coimbra,Portugal,3220-523
330,Carl,Stud,cstud95@edublogs.org,829-163-2551,70 Hudson Park,Kangalassy,,Russia,677903
331,Belle,Walshe,bwalshe96@merriam-webster.com,366-626-8372,0048 Heath Plaza,Il’ka,,Russia,671331
332,Nada,Schnieder,nschnieder97@tamu.edu,661-959-0731,97496 Manufacturers Plaza,Zhu’ao,,China,
333,Brennen,Halliburton,,956-312-7063,56076 Blackbird Junction,Lyon,Rhône-Alpes,France,69939 CEDEX 20
334,Gaelan,Reyes,greyes99@parallels.com,332-917-2106,6507 Maywood Park,Santa Lucia,,Philippines,2712
335,Natalie,Curror,ncurror9a@123-reg.co.uk,766-241-1274,16485 Dawn Terrace,Pernå,,Finland,63530
336,Gun,Kinghorne,gkinghorne9b@parallels.com,401-454-9657,1140 Hanson Trail,Salaš Crnobarski,,Serbia,
337,Anselm,Kalderon,akalderon9c@behance.net,936-711-1426,266 Vera Point,Luzino,,Poland,84-242
338,Christoffer,Ventris,,864-750-4983,93 Moulton Plaza,Dazhan,,China,
339,Had,Neely,hneely9e@dailymail.co.uk,888-448-5613,584 Dakota Lane,Tiksi,,Russia,678409
340,Hakim,Blumfield,hblumfield9f@delicious.com,645-186-4347,0183 Bonner Circle,Talon,,Indonesia,
341,Teodoro,Sowten,tsowten9g@dyndns.org,951-141-2981,259 Roxbury Point,Jiangcheng,,China,
342,Kore,Bedding,kbedding9h@whitehouse.gov,917-769-0745,81403 Dawn Road,San Pedro de Macorís,,Dominican Republic,11604
343,Bartel,Divers,bdivers9i@mapy.cz,728-527-5357,52822 Northview Crossing,Mayingzhuang,,China,
344,Richardo,Daymont,rdaymont9j@unc.edu,564-761-5831,0 Hanson Lane,Iracemápolis,,Brazil,13495-000
345,Lorilyn,Mouton,lmouton9k@rakuten.co.jp,490-435-7690,35 Rutledge Trail,Jabon,,Indonesia,
346,Elston,Whitloe,ewhitloe9l@1688.com,535-746-8311,86986 Surrey Way,Monte Francisco,Faro,Portugal,8950-205
347,Caprice,Trillo,ctrillo9m@twitpic.com,462-352-6740,7660 Manley Street,El Corozal,,Honduras,
348,Kandy,Borgnet,kborgnet9n@zdnet.com,535-580-3415,62109 Merry Parkway,Yuanquan,,China,
349,Jordon,Woodson,jwoodson9o@vinaora.com,538-674-7873,5626 Farwell Hill,Shorko,,Pakistan,29051
350,Bobbye,Blackesland,bblackesland9p@army.mil,483-460-5292,32 Onsgard Crossing,Sergokala,,Russia,307351
351,Angelle,Stammirs,astammirs9q@pbs.org,985-602-0626,6565 Bashford Plaza,Tymbark,,Poland,34-650
352,Constance,Aslett,caslett9r@blog.com,788-523-4559,0504 Arkansas Lane,Powassan,Ontario,Canada,E3G
353,Magdalena,Cicchillo,mcicchillo9s@comsenz.com,722-189-9383,16831 Stephen Street,Nizhnyaya Tavda,,Russia,626020
354,Fredek,Cail,fcail9t@ocn.ne.jp,428-103-5500,29 Saint Paul Pass,Čoka,,Serbia,
355,Jonell,Gibbin,jgibbin9u@over-blog.com,313-120-1963,6692 Vahlen Crossing,Budapest,Budapest,Hungary,1074
356,Renato,Raffan,,410-846-9417,506 Melvin Parkway,Mahajanga,,Madagascar,
357,Fawne,Wortt,fwortt9w@technorati.com,367-775-2810,7 Lighthouse Bay Plaza,Itaitinga,,Brazil,61880-000
358,Calli,Blaymires,cblaymires9x@paginegialle.it,237-539-2027,6529 Cardinal Way,Krajan Satu,,Indonesia,
359,Emilia,Pedrazzi,epedrazzi9y@about.com,492-500-0091,80 Pierstorff Pass,Pasarnangka,,Indonesia,
360,Cyb,Cocklie,ccocklie9z@google.fr,814-998-2638,845 Carey Circle,Maquiapo,,Philippines,2007
361,Ailee,Bonaire,abonairea0@guardian.co.uk,427-934-5785,6 Sunfield Alley,Kota Kinabalu,Sabah,Malaysia,88778
362,Fredric,McGinley,,147-915-6374,25 Cottonwood Way,Baş Göynük,,Azerbaijan,
363,Crissie,Falconer-Taylor,cfalconertaylora2@google.fr,155-367-7927,87 Maple Wood Court,Guandi,,China,
364,Audre,Cavilla,acavillaa3@fc2.com,622-493-4062,5 Sheridan Avenue,Maqia,,China,
365,Berenice,Kalkofen,bkalkofena4@salon.com,925-659-6259,019 Waxwing Center,Kutno,,Poland,93-524
366,Skippy,Mc Carrick,smccarricka5@mtv.com,378-527-9518,3 Canary Parkway,Krajan,,Indonesia,
367,Clovis,Pullin,cpullina6@mail.ru,400-252-5617,64 Pleasure Pass,Aleshtar,,Iran,
368,Dennis,Farrah,dfarraha7@geocities.jp,784-438-6631,905 Knutson Lane,Yezhi,,China,
369,Eran,Giorgielli,,200-343-0113,3 Farragut Alley,Malangwa,,Nepal,
370,Cy,Conochie,cconochiea9@php.net,461-766-5903,6724 Sachtjen Way,Wat Sing,,Thailand,17120
371,Ely,Bendin,ebendinaa@issuu.com,706-210-7883,46916 Donald Junction,Huayang,,China,
372,Cindi,Arlet,carletab@infoseek.co.jp,839-139-3094,777 Anhalt Parkway,Kosamphi Nakhon,,Thailand,90190
373,Bernita,Fonquernie,bfonquernieac@intel.com,460-178-6552,461 Elka Way,Tala,,Uruguay,
374,Trumann,Kleinhaut,tkleinhautad@eepurl.com,336-265-7007,95 Twin Pines Point,Kristinestad,,Finland,41270
375,Andriette,Scollan,ascollanae@wired.com,135-793-7317,906 School Junction,Ferme-Neuve,Québec,Canada,V5Y
376,Sky,Andrzejewski,sandrzejewskiaf@sina.com.cn,491-149-4253,00927 Bowman Plaza,Darhan,,Mongolia,
377,Lil,Hamson,lhamsonag@hatena.ne.jp,204-162-0868,8254 Straubel Road,Sumberagung,,Indonesia,
378,Merry,Clarson,mclarsonah@umn.edu,273-113-6261,131 Arizona Hill,Yangdian,,China,
379,Jarib,O'Cassidy,jocassidyai@themeforest.net,756-473-1379,91 Scott Center,eSikhawini,,South Africa,3887
380,Fania,Daviddi,fdaviddiaj@cyberchimps.com,558-383-1162,5224 Victoria Court,Rungkam,,Indonesia,
381,Harp,Shingler,hshinglerak@cdbaby.com,753-180-4332,5164 Blackbird Alley,Gaoxing,,China,
382,Abelard,Flintoffe,aflintoffeal@wsj.com,539-649-2548,6217 Menomonie Place,Cuauhtemoc,Chihuahua,Mexico,33102
383,Junina,Bodleigh,jbodleigham@wikimedia.org,728-811-2418,7 Granby Center,Caparrapí,,Colombia,253468
384,Karilynn,Pine,kpinean@aboutads.info,198-380-9166,495 Melby Circle,Koudougou,,Burkina Faso,
385,Nap,Pigram,,846-480-7703,13 Pine View Crossing,Leudelange,,Luxembourg,L-3377
386,Mitchel,Merchant,mmerchantap@weather.com,193-405-9676,08232 Fulton Plaza,Koson,,Uzbekistan,
387,Conrade,Redmond,credmondaq@histats.com,792-489-2398,1 Anzinger Place,Longhua,,China,
388,Kiah,Addy,kaddyar@alibaba.com,906-171-6409,7887 Darwin Pass,El Escanito,,Honduras,
389,Shelagh,Avrahamoff,savrahamoffas@flickr.com,540-293-9886,76 Arkansas Way,Ensanche Luperón,,Dominican Republic,11806
390,Pavla,Grinston,pgrinstonat@seesaa.net,147-643-4755,101 Paget Street,Yangzhuang,,China,
391,Padraig,Quesne,pquesneau@google.com,654-250-6493,125 Service Road,Ganlin,,China,
392,Ethyl,Scrivens,escrivensav@forbes.com,529-421-8480,4 Redwing Center,Bantengan,,Indonesia,
393,Vivienne,Auchterlony,vauchterlonyaw@furl.net,666-350-1568,1 Darwin Pass,Mogoditshane,,Botswana,
394,Skipper,Birchill,sbirchillax@scribd.com,694-145-8624,544 Little Fleur Circle,Hoi,,Indonesia,
395,Melisa,Kaye,mkayeay@wisc.edu,203-541-8024,43 Continental Pass,Zhong’an,,China,
396,Brennen,Leat,bleataz@desdev.cn,595-608-8876,198 Golf View Drive,Mizi,,China,
397,Gaspard,Gutowski,ggutowskib0@theglobeandmail.com,682-967-5936,48 Kennedy Circle,Fort Worth,Texas,United States,76192
398,Brien,Lupton,bluptonb1@ucoz.ru,403-563-9781,8339 Mallory Plaza,Osveya,,Belarus,
399,Elwira,Forsbey,eforsbeyb2@un.org,838-837-5967,8 Sachtjen Lane,Tours,Centre,France,37032 CEDEX 1
400,Raphaela,Scarf,rscarfb3@tamu.edu,637-805-7511,95098 Bonner Terrace,Ma‘arrat an Nu‘mān,,Syria,
401,Lionello,Jimes,ljimesb4@mac.com,465-517-5457,36680 Anthes Place,Mungui,,Peru,
402,Reilly,Karolyi,rkarolyib5@abc.net.au,629-316-0678,403 Jenna Point,Storuman,Västerbotten,Sweden,923 24
403,Sharai,Reimers,sreimersb6@army.mil,351-892-7838,179 Anhalt Parkway,Shchuchin,,Belarus,
404,Cosimo,Vern,cvernb7@yolasite.com,675-801-4478,7442 Nobel Way,Bourges,Centre,France,18013 CEDEX
405,Filberte,Ost,fostb8@gizmodo.com,203-265-2735,2 Mayer Drive,Puqian,,China,
406,Finlay,Rawlings,frawlingsb9@xinhuanet.com,575-483-2900,91203 Blaine Court,Motge,,China,
407,Zach,Fretson,zfretsonba@studiopress.com,325-379-9298,57643 Moose Street,Akbarābād,,Iran,
408,Shaun,Kubecka,skubeckabb@huffingtonpost.com,771-410-2956,950 Arizona Point,Kavála,,Greece,
409,Giacobo,Desmond,gdesmondbc@naver.com,570-287-8981,50 Columbus Lane,Lâm Thao,,Vietnam,
410,Sigismundo,Manuelli,smanuellibd@google.es,259-159-2327,429 Brickson Park Terrace,Lyasny,,Belarus,
411,Cherie,Elion,celionbe@kickstarter.com,550-323-0991,171 Sutherland Alley,Sabang,,Philippines,3905
412,Gabbie,Menat,gmenatbf@goo.ne.jp,666-442-6304,549 Merry Street,Xianshuigu,,China,
413,Alana,Ridel,aridelbg@ucoz.ru,404-209-7872,31357 Holmberg Park,Lawrenceville,Georgia,United States,30045
414,Decca,Levi,dlevibh@shinystat.com,302-113-7308,2 Loomis Plaza,Petaling Jaya,Selangor,Malaysia,46801
415,Nancey,McCosh,nmccoshbi@fastcompany.com,741-713-2079,8 Ridge Oak Road,Balgatay,,Mongolia,
416,Sunny,Rockcliffe,srockcliffebj@dropbox.com,566-670-4008,154 Pleasure Avenue,Ystad,Skåne,Sweden,271 51
417,Bronny,Ossulton,bossultonbk@theatlantic.com,662-172-7599,37 Talmadge Park,Słubice,,Poland,69-101
418,Hoebart,Flanne,hflannebl@senate.gov,685-276-3884,95624 Judy Center,Sulitair,,Indonesia,
419,Lora,Bingall,lbingallbm@naver.com,629-973-4556,6 Milwaukee Pass,La Unión,,Colombia,704057
420,Monty,McDonnell,mmcdonnellbn@stanford.edu,298-502-2865,4 Oriole Circle,Chunshui,,China,
421,Nanine,Seeds,,271-446-3825,49 Stoughton Junction,Taodian,,China,
422,Culley,Haysman,chaysmanbp@spotify.com,875-792-7728,835 Holy Cross Park,Piura,,Peru,
423,Valentijn,Jandel,vjandelbq@dagondesign.com,340-441-1306,0017 International Road,Yanwukou,,China,
424,Thekla,Gillimgham,,126-421-5077,51308 Fallview Place,Yabuli,,China,
425,Gale,Innwood,ginnwoodbs@cnn.com,203-798-2426,7426 Hooker Road,Danbury,Connecticut,United States,06816
426,Juditha,Mursell,,513-878-0704,1386 Laurel Drive,Cincinnati,Ohio,United States,45208
427,Hartley,McBeath,,755-391-1371,4 Michigan Avenue,Niulanshan,,China,
428,Aida,Basnett,abasnettbv@multiply.com,196-398-4170,7044 Graedel Lane,Manila,,Philippines,1699
429,Mellisa,Urwen,murwenbw@gmpg.org,327-938-7565,904 Anthes Court,Smedjebacken,Dalarna,Sweden,777 82
430,Carlyn,Kynvin,ckynvinbx@w3.org,116-999-9940,2875 Burrows Center,Asemanis,,Indonesia,
431,Susann,McGauhy,smcgauhyby@miitbeian.gov.cn,739-986-8216,045 Marquette Center,São Leopoldo,,Brazil,93000-000
432,Shandee,Pietruszka,spietruszkabz@tamu.edu,469-649-3712,70783 Hazelcrest Plaza,Kyaikkami,,Myanmar,
433,Alecia,Roderham,aroderhamc0@dyndns.org,814-280-1669,0592 Ridgeview Trail,Vladislav,,Czech Republic,675 01
434,Larissa,Kemish,lkemishc1@hhs.gov,592-333-1578,39 Bultman Terrace,Goundi,,Chad,
435,Teena,Pardy,,186-263-0163,3 Pleasure Junction,Nobinobi,,Indonesia,
436,Prentice,Bravery,pbraveryc3@theglobeandmail.com,348-555-8445,446 Continental Junction,Zhongfan,,China,
437,Gamaliel,Jorat,gjoratc4@state.gov,305-189-3959,5173 Erie Way,Simbal,,Peru,
438,Bren,Sidney,bsidneyc5@prweb.com,128-346-3294,4 Browning Drive,Palencia,,Guatemala,01054
439,Harman,Handrick,hhandrickc6@typepad.com,489-811-0874,1367 Sycamore Point,Pelileo,,Ecuador,
440,Perry,McGrouther,pmcgroutherc7@europa.eu,851-185-9968,7 Bartelt Place,Burgos,,Philippines,8424
441,Dagny,Bishopp,dbishoppc8@technorati.com,466-275-1256,6134 Eagle Crest Trail,Taiba,,China,
442,Kayne,Wardhough,,272-778-6505,47 Hooker Circle,Porto Ferreira,,Brazil,13660-000
443,Bobbe,Eastwood,beastwoodca@alibaba.com,549-531-1892,44271 Westridge Parkway,Samannūd,,Egypt,
444,Chase,Tax,ctaxcb@oracle.com,991-461-4934,624 Utah Park,Jiantou,,China,
445,Claudette,Lambkin,clambkincc@engadget.com,991-601-3603,2395 Dryden Park,Oinófyta,,Greece,
446,Hillary,Tender,htendercd@merriam-webster.com,354-554-4160,1 Anthes Park,Okanagan,British Columbia,Canada,T0P
447,Emilee,Duckhouse,educkhousece@privacy.gov.au,468-919-2869,744 Fisk Junction,Bueng Kan,,Thailand,34140
448,Noll,Doeg,ndoegcf@altervista.org,728-201-5389,57610 Cody Point,Molteno,,South Africa,5500
449,Adams,Peevor,apeevorcg@shop-pro.jp,489-340-4056,611 Larry Crossing,Cẩm Phả Mines,,Vietnam,
450,Robinet,Antonowicz,rantonowiczch@eventbrite.com,798-990-1584,310 Laurel Hill,Xinning,,China,
451,Rolando,Wilcinskis,rwilcinskisci@businessinsider.com,437-516-9494,837 Talisman Hill,Malabag,,Philippines,4118
452,Reggi,Hengoed,rhengoedcj@auda.org.au,823-182-9507,613 Fieldstone Lane,San Francisco,,Bolivia,
453,Yankee,Dalbey,ydalbeyck@seesaa.net,602-344-5321,3 Bluestem Hill,Santa Elena,,Argentina,4135
454,Sibeal,Dearden,,683-641-5836,14 Lyons Way,Smolyaninovo,,Russia,692831
455,Adolf,Aris,aariscm@angelfire.com,766-403-3630,66 Banding Crossing,Östhammar,Uppsala,Sweden,742 91
456,Bessy,Januszkiewicz,bjanuszkiewiczcn@bloomberg.com,508-105-8730,669 Fieldstone Street,Peñaflor,,Chile,
457,Hillier,Millam,hmillamco@newyorker.com,176-481-6960,522 Summer Ridge Court,Tala,,Philippines,9207
458,Kris,Vurley,kvurleycp@seattletimes.com,425-934-7850,76788 South Junction,Phimai,,Thailand,30110
459,Thain,Quimby,tquimbycq@nytimes.com,287-728-7493,70 Butterfield Alley,Géfyra,,Greece,
460,Alaine,Burch,aburchcr@example.com,556-401-8988,048 Waywood Junction,Tambakbaya,,Indonesia,
461,Fabien,Thompson,fthompsoncs@baidu.com,566-974-4776,46240 Orin Terrace,Chornoliztsi,,Ukraine,
462,Catherine,Algate,calgatect@forbes.com,899-238-6154,4343 Hovde Way,Saint-André-Avellin,Québec,Canada,T5Y
463,Bette-ann,Boreham,bborehamcu@jigsy.com,171-875-8007,3859 Sherman Way,Quesada,,Costa Rica,21001
464,Murdoch,Izac,mizaccv@ow.ly,474-748-2901,4280 Tennyson Road,Solana,,Philippines,3503
465,Myriam,McFater,,167-878-2590,954 Orin Parkway,Basel,Kanton Basel-Stadt,Switzerland,4010
466,Avery,Seabourne,aseabournecx@desdev.cn,443-496-7982,4 Dwight Lane,Oporapa,,Colombia,418008
467,Nat,Bier,nbiercy@angelfire.com,658-197-8762,6162 Pond Crossing,Taotang,,China,
468,Helga,Camell,,675-823-3225,8546 Vermont Point,Sorongan,,Indonesia,
469,Almire,Ryott,,171-251-6610,157 Basil Center,Piggs Peak,,Swaziland,
470,Dita,Fielders,dfieldersd1@howstuffworks.com,998-364-2829,09 5th Park,Lamont,Alberta,Canada,N2E
471,Anderea,Malitrott,amalitrottd2@surveymonkey.com,706-525-2163,65 School Avenue,Sorong,,Indonesia,
472,Susie,Fraschetti,sfraschettid3@surveymonkey.com,108-773-6998,2972 Green Parkway,Ketanggi,,Indonesia,
473,Tan,Dreinan,tdreinand4@lulu.com,767-392-6132,248 Harper Park,Rizómata,,Greece,
474,Sydney,Clout,scloutd5@ifeng.com,929-180-6748,4 Fair Oaks Crossing,Hòa Bình,,Vietnam,
475,Deanna,Kurton,dkurtond6@home.pl,852-980-7388,7547 Farmco Center,Žďár,,Czech Republic,679 02
476,Hayyim,Ingman,hingmand7@google.fr,143-984-2381,238 Goodland Park,Lyubeshiv,,Ukraine,
477,Petr,Fawckner,pfawcknerd8@storify.com,416-190-8915,8001 Elmside Hill,Redondos,Setúbal,Portugal,2865-493
478,Leone,Twigley,ltwigleyd9@chron.com,791-259-0855,5921 Daystar Junction,Genting,,Indonesia,
479,Diandra,Coles,dcolesda@dyndns.org,522-332-2151,9681 Elgar Place,Xinji,,China,
480,Jessy,Perone,jperonedb@nsw.gov.au,365-653-5373,032 Westport Avenue,Baykonyr,,Kazakhstan,
481,Edd,Clemitt,eclemittdc@hud.gov,576-832-0639,092 Gina Road,Banjarsari,,Indonesia,
482,Jade,Kniveton,jknivetondd@weibo.com,485-843-4077,06 Hansons Place,Hoorn,Provincie Noord-Holland,Netherlands,1624
483,Dionis,Badger,dbadgerde@ucla.edu,875-537-0960,71288 Burning Wood Road,Shali,,Russia,366309
484,Ferrell,Greenhalgh,,309-164-3472,58577 Susan Circle,Głogów Małopolski,,Poland,36-060
485,Howey,Probbing,hprobbingdg@miibeian.gov.cn,719-869-1319,6765 Lerdahl Road,Monterrey,,Honduras,
486,Britney,Godart,bgodartdh@whitehouse.gov,635-308-3705,4 Sutherland Court,Song’ao,,China,
487,Alfons,Paull,apaulldi@alibaba.com,339-753-6551,3 Kinsman Parkway,Wum,,Cameroon,
488,Zaria,Draxford,zdraxforddj@java.com,352-149-6159,1 Barnett Plaza,Leribe,,Lesotho,
489,Howey,Cosley,hcosleydk@printfriendly.com,756-188-8257,4910 Elka Parkway,Jeblog Satu,,Indonesia,
490,Bink,Ricciardello,bricciardellodl@umich.edu,933-112-4067,03877 Grover Avenue,Matviyivka,,Ukraine,
491,Whitby,Goss,wgossdm@barnesandnoble.com,895-834-3119,1 Dottie Trail,Plérin,Bretagne,France,22194 CEDEX
492,Avigdor,Curro,acurrodn@macromedia.com,522-466-6696,9 Chinook Hill,Pulau Tiga,,Indonesia,
493,Wally,Stennine,wstenninedo@google.it,700-338-3285,6141 Truax Court,Sibubuhan,,Indonesia,
494,Catriona,Orbine,corbinedp@go.com,512-297-9134,27563 4th Circle,Wudian,,China,
495,Fredra,Scrimshaw,fscrimshawdq@aol.com,112-678-3085,233 Carpenter Circle,Sidi Redouane,,Morocco,
496,Desiree,Dutteridge,ddutteridgedr@hatena.ne.jp,907-421-4523,01 Sherman Parkway,Anchorage,Alaska,United States,99507
497,Arabele,Trank,atrankds@archive.org,983-870-9675,473 Thierer Plaza,Aimin,,China,
498,Sandro,Bagnall,sbagnalldt@ustream.tv,838-918-7356,5120 School Court,Moret-sur-Loing,Île-de-France,France,77815 CEDEX
499,Garwin,Readitt,greadittdu@cnet.com,479-230-9788,11 Hoard Place,Vyerkhnyadzvinsk,,Belarus,
500,Ilise,Broszkiewicz,ibroszkiewiczdv@etsy.com,663-113-5450,3 Corscot Crossing,Nam Phong,,Thailand,40140
501,Lainey,Scathard,lscatharddw@hexun.com,380-372-3763,70071 1st Lane,Sŭedinenie,,Bulgaria,4194
502,Hinze,Jentzsch,hjentzschdx@hao123.com,224-485-4437,6106 Bunting Alley,Moulins,Auvergne,France,03006 CEDEX
503,Robert,Ruberry,rruberrydy@dagondesign.com,426-914-3394,1160 Merrick Road,Jatiwangi,,Indonesia,
504,Christiano,Bendelow,cbendelowdz@reuters.com,946-875-6635,173 Atwood Junction,At-Bashi,,Kyrgyzstan,
505,Tandi,D'Errico,tderricoe0@rakuten.co.jp,290-838-8241,77542 Farwell Plaza,Aranos,,Namibia,
506,Rurik,Toms,rtomse1@ted.com,206-541-1731,0641 Crowley Court,Sidamulya Satu,,Indonesia,
507,Sasha,Deroche,sderochee2@about.com,912-295-5998,31256 Myrtle Street,Piggotts,,Antigua and Barbuda,
508,Albertine,Aujouanet,aaujouanete3@nsw.gov.au,903-344-5793,3388 Mifflin Street,Žirovnice,,Czech Republic,394 68
509,Feodora,Lemoir,flemoire4@comcast.net,367-516-7569,036 Northport Drive,Nusajaya,Johor,Malaysia,79632
510,Geoffry,Hugill,ghugille5@stanford.edu,135-988-3724,62 Packers Point,Rędziny,,Poland,42-242
511,Lenore,Crotty,lcrottye6@cargocollective.com,501-665-6167,9291 Starling Circle,Bitobe,,Indonesia,
512,Benoit,Willas,bwillase7@washingtonpost.com,798-361-3227,2906 Linden Terrace,Sumberdangdang,,Indonesia,
513,Othello,Duddin,oduddine8@edublogs.org,514-798-8763,0 Corben Hill,Emiliano Zapata,Mexico,Mexico,51355
514,Federico,Duxfield,,746-504-2017,626 Caliangt Parkway,Palmar de Varela,,Colombia,083087
515,Florette,Welling,,447-983-5529,28 Sloan Way,Polepy,,Czech Republic,411 47
516,Clarisse,Abbett,cabbetteb@ed.gov,344-856-6839,63 Lien Trail,San Diego,,Philippines,3609
517,Welbie,Cranmere,wcranmereec@scientificamerican.com,592-563-2584,66 Sullivan Parkway,Okhtyrka,,Ukraine,
518,Blakelee,Vivien,bviviened@yellowbook.com,110-615-1951,9960 Bunker Hill Alley,Zadní Mostek,,Czech Republic,544 75
519,Terri,Fomichyov,tfomichyovee@chicagotribune.com,540-589-1374,46086 John Wall Point,Malway,,Philippines,6527
520,Inge,Cordingley,,632-274-2532,5259 Northfield Avenue,Sampungu,,Indonesia,
521,Bil,Wanstall,bwanstalleg@youku.com,105-609-4694,63 Eagan Court,Aráchova,,Greece,
522,Abe,Rigate,arigateeh@oakley.com,876-367-3437,8825 Nancy Way,Khallat Şāliḩ,,Palestinian Territory,
523,Modestia,Bonett,mbonettei@ed.gov,852-628-4732,91243 Onsgard Court,Uppsala,Uppsala,Sweden,753 26
524,Amalle,Killbey,akillbeyej@princeton.edu,268-975-1403,6 Oneill Street,Pedra,Viana do Castelo,Portugal,4980-782
525,Land,Poznan,lpoznanek@independent.co.uk,979-824-8665,71 Reinke Way,Xishanzui,,China,
526,Stafani,McLese,smcleseel@fastcompany.com,580-292-7579,7032 New Castle Drive,Xiji,,China,
527,Ralina,Ommanney,rommanneyem@harvard.edu,234-284-3658,841 Roxbury Alley,Usatove,,Ukraine,
528,Germaine,Kingsnoad,gkingsnoaden@google.de,681-915-7349,94 Vera Alley,Purut,,Indonesia,
529,Karrah,Spalding,kspaldingeo@ebay.co.uk,205-369-8079,7841 Heath Circle,Karaidel’,,Russia,452394
530,Si,Wichard,swichardep@nsw.gov.au,464-701-9983,104 Lakewood Alley,Belišće,,Croatia,31551
531,Lettie,Ranns,lrannseq@123-reg.co.uk,623-267-1584,31 Main Junction,Salor,,Uzbekistan,
532,Hedwiga,Toovey,htooveyer@sun.com,172-467-8691,2147 Hallows Lane,Hoboksar,,China,
533,Laura,Jonk,ljonkes@hibu.com,395-505-1160,1617 North Drive,Berbek,,Indonesia,
534,Marita,Banisch,mbanischet@goo.ne.jp,472-149-2515,0821 Nelson Junction,Karlstad,Värmland,Sweden,651 11
535,Warden,Spiers,wspierseu@drupal.org,391-580-1569,85859 Butternut Crossing,Newport,,Curacao,
536,Marietta,Kerley,mkerleyev@dailymail.co.uk,624-595-3343,710 Myrtle Parkway,Lesnikovo,,Russia,641754
537,Salomone,Di Antonio,sdiantonioew@tumblr.com,184-759-6710,809 Summit Parkway,Sâmraông,,Cambodia,
538,Berri,Winsiowiecki,bwinsiowieckiex@reuters.com,182-917-7071,1090 Bunting Plaza,Jiuli,,China,
539,Durante,Duffree,dduffreeey@jigsy.com,766-718-1443,75080 Mccormick Crossing,Kwidzyn,,Poland,82-505
540,Theadora,Stroulger,tstroulgerez@mayoclinic.com,413-739-3260,439 Moland Plaza,Liqi,,China,
541,Rosco,Spiby,rspibyf0@usatoday.com,935-270-0127,765 Sommers Pass,Mercedes,,Argentina,3470
542,Kinnie,Downing,kdowningf1@lycos.com,121-651-7203,16767 Rieder Park,Bangad,,Philippines,8411
543,Tedman,Yitzhakof,tyitzhakoff2@moonfruit.com,432-686-4420,58002 Old Gate Trail,Klyuchevskiy,,Russia,632514
544,Maria,Rowbottom,mrowbottomf3@smh.com.au,213-402-4454,7 Dixon Hill,Muan,,South Korea,
545,Mandy,Tabram,mtabramf4@ted.com,967-482-6437,144 Burrows Lane,Rāmhormoz,,Iran,
546,Mada,Hacket,mhacketf5@imgur.com,279-484-7273,21309 Eagle Crest Alley,Buensuseso,,Philippines,2011
547,Barron,Vasyutkin,bvasyutkinf6@last.fm,345-112-6872,6 Sutteridge Hill,Parbatipur,,Bangladesh,5250
548,Lian,Tustin,ltustinf7@odnoklassniki.ru,165-545-3054,974 Ludington Lane,Na Yong,,Thailand,92170
549,Morie,Eim,meimf8@marriott.com,707-937-7780,106 Larry Road,Lizhai,,China,
550,Taffy,Sines,tsinesf9@behance.net,411-947-9309,992 Hintze Street,Norrahammar,Jönköping,Sweden,562 24
551,Nevil,Ranscombe,nranscombefa@qq.com,189-639-9287,850 Arapahoe Junction,Bakulong,,Philippines,3119
552,Regan,Clousley,rclousleyfb@shop-pro.jp,976-851-1806,442 Texas Parkway,Gengzhuang,,China,
553,Nicoline,Brusin,nbrusinfc@apache.org,236-261-9171,68 Sage Terrace,Katori-shi,,Japan,311-2426
554,Heywood,Robertsen,hrobertsenfd@senate.gov,644-925-7334,871 Grayhawk Trail,Limbalod,,Philippines,9407
555,Jordon,Marchello,jmarchellofe@nba.com,800-212-9879,4285 Sage Lane,Verdun,Lorraine,France,55109 CEDEX
556,Arvie,Chicchelli,achicchelliff@hubpages.com,497-206-1218,36 Shopko Road,Takum,,Nigeria,
557,Viv,Raymen,vraymenfg@eventbrite.com,237-515-0588,65159 Glacier Hill Hill,Kashirskoye,,Russia,396350
558,Morgun,Dymoke,mdymokefh@google.com.au,861-658-8924,75978 Meadow Vale Crossing,Baimajing,,China,
559,Leonard,Caccavari,lcaccavarifi@nih.gov,680-257-1800,03847 Nevada Center,Staré Město,,Czech Republic,788 32
560,Dugald,Welbourn,,882-604-0867,73 Sunnyside Park,Kaliasin,,Indonesia,
561,Devin,Quernel,dquernelfk@ovh.net,653-224-7235,05 Eggendart Pass,Castañas,,Philippines,4301
562,Johnna,Deignan,jdeignanfl@1688.com,340-658-6870,14929 Spenser Terrace,Rafaḩ,,Egypt,
563,Tristan,Detloff,tdetlofffm@comcast.net,550-867-1896,141 Melrose Pass,Longguang,,China,
564,Erv,Ferney,eferneyfn@ovh.net,384-948-9266,93 Ridgeway Street,Osoyoos,British Columbia,Canada,N9V
565,Derrick,Gavini,dgavinifo@guardian.co.uk,287-255-6354,2 Summit Drive,Västra Frölunda,Västra Götaland,Sweden,426 52
566,Griffy,Cornbill,gcornbillfp@google.de,724-612-8667,43963 Blaine Hill,Titiakar,,Indonesia,
567,Dolly,Launchbury,dlaunchburyfq@si.edu,877-747-5869,2 Oak Road,Mobara,,Japan,964-0432
568,Xever,Roselli,xrosellifr@rediff.com,214-555-0044,9494 Hagan Plaza,Orenburg,,Russia,460999
569,Dimitry,Lampaert,dlampaertfs@indiatimes.com,594-165-2839,0419 Burning Wood Lane,"Hospitalet De Llobregat, L'",Cataluna,Spain,08904
570,Bobby,MacClinton,bmacclintonft@e-recht24.de,664-541-7738,064 Mallory Parkway,Abua,,Nigeria,
571,Janeta,Aronovitz,jaronovitzfu@hostgator.com,687-967-4970,422 Portage Crossing,Kota Kinabalu,Sabah,Malaysia,88540
572,Stevy,Petru,spetrufv@ask.com,296-751-9696,4666 Susan Place,Pedro Santana,,Dominican Republic,11705
573,Carin,Yu,cyufw@feedburner.com,913-288-7929,48 Dexter Avenue,Ziniaré,,Burkina Faso,
574,Nancy,Warbey,nwarbeyfx@wikia.com,628-770-7885,5 Iowa Place,San Jose,,Philippines,8427
575,Gennifer,Brunning,gbrunningfy@ibm.com,279-977-2166,361 Randy Pass,Changhan,,Thailand,53120
576,Lexy,Illyes,lillyesfz@yelp.com,795-695-8474,358 Ryan Parkway,Chilly-Mazarin,Île-de-France,France,91384 CEDEX
577,Anthiathia,Busek,abusekg0@sogou.com,187-414-9087,1517 Shoshone Avenue,Tlumach,,Ukraine,
578,Sal,Smiley,,386-923-1137,88 Meadow Ridge Street,Daytona Beach,Florida,United States,32128
579,Freda,Ferns,ffernsg2@nyu.edu,367-715-8683,3 Westerfield Trail,Huacrachuco,,Peru,
580,Kennith,Reubens,,236-378-6789,3 Memorial Court,Xiayang,,China,
581,Danny,Blampey,dblampeyg4@tiny.cc,725-201-6221,68 Northwestern Pass,Ogwashi-Uku,,Nigeria,
582,Cori,Ishak,cishakg5@discuz.net,880-125-1926,01 Pawling Circle,Suphan Buri,,Thailand,96120
583,Josefina,Moakes,,979-174-0665,10897 Mayfield Alley,Kharbathā Banī Ḩārith,,Palestinian Territory,
584,Charlene,Bettaney,cbettaneyg7@ox.ac.uk,537-858-9962,897 Roxbury Circle,Hamada,,Japan,998-0031
585,Teri,Willison,twillisong8@1und1.de,149-509-6015,76557 Waxwing Place,Harbour Breton,Newfoundland and Labrador,Canada,M4N
586,Keefe,Gravett,kgravettg9@cdbaby.com,595-342-6828,533 Little Fleur Crossing,Kembangarum,,Indonesia,
587,Innis,Phillps,iphillpsga@nbcnews.com,143-232-6067,7408 Eastwood Junction,Sukasirna,,Indonesia,
588,Virgil,Mogra,vmogragb@businessinsider.com,162-531-6571,3886 Scoville Point,Cipolletti,,Argentina,8324
589,Chevy,Daen,cdaengc@cdbaby.com,812-848-0744,3 Nevada Avenue,Evansville,Indiana,United States,47725
590,Micaela,Kellog,mkelloggd@nymag.com,567-255-3546,188 Susan Parkway,Ngetkib,,Palau,
591,Ivonne,Thon,ithonge@wikia.com,393-366-7203,43 Petterle Park,Zasip,,Slovenia,4274
592,Giffy,Karlsson,,908-986-5421,32421 Kim Junction,Mshinskaya,,Russia,442942
593,Verena,Treece,vtreecegg@engadget.com,288-809-5459,909 Drewry Circle,Kedungreja,,Indonesia,
594,Ferrell,Mughal,fmughalgh@dot.gov,216-323-6724,7 Bellgrove Drive,Vryburg,,South Africa,8680
595,Regine,West-Frimley,rwestfrimleygi@amazon.com,348-833-1657,17 Elgar Junction,Ruteng,,Indonesia,
596,Torre,Turneaux,tturneauxgj@google.com.br,826-787-7087,62 Anderson Drive,Valence,Rhône-Alpes,France,26953 CEDEX 9
597,Sigismondo,Petyakov,spetyakovgk@google.com.au,350-705-4949,08 Troy Road,Oras,,Philippines,6818
598,Alisa,McBrearty,amcbreartygl@is.gd,562-581-0650,98932 Delaware Drive,Puhechang,,China,
599,Audrye,Agnew,aagnewgm@163.com,256-515-1092,1507 Sugar Avenue,Stírion,,Greece,
600,Seline,Giovanetti,sgiovanettign@1und1.de,889-297-5982,1 Bay Way,Fílla,,Greece,
601,Timoteo,Ellph,tellphgo@scientificamerican.com,244-289-2864,36 Coolidge Point,Bořetice,,Czech Republic,691 08
602,Joleen,Tegler,jteglergp@imdb.com,763-108-4614,81 Jenifer Drive,Lazaro Cardenas,Veracruz Llave,Mexico,91539
603,Pammy,Vitler,pvitlergq@freewebs.com,632-708-4712,68 Hansons Drive,Parung,,Indonesia,
604,Elie,Vasin,evasingr@jiathis.com,264-949-0483,15070 Clyde Gallagher Court,Helsingborg,Skåne,Sweden,250 06
605,Jeannie,Ridout,jridoutgs@psu.edu,774-872-3330,396 Anniversary Parkway,Rrapë,,Albania,
606,Hamil,Glandfield,hglandfieldgt@tumblr.com,396-798-5493,393 Moland Avenue,Zhaxi,,China,
607,Filmore,Skitteral,fskitteralgu@biblegateway.com,357-627-1955,23 Golf Course Avenue,Wien,Wien,Austria,1200
608,Alma,Dufoure,adufouregv@networksolutions.com,206-544-2365,54230 Vahlen Hill,Tamansari,,Indonesia,
609,Pepe,Wessing,,455-564-4100,17174 Iowa Drive,Frederiksberg,Region Hovedstaden,Denmark,1812
610,Mickie,Vidyapin,mvidyapingx@intel.com,689-568-0037,71 Dottie Street,Sanski Most,,Bosnia and Herzegovina,
611,Klaus,Tibols,ktibolsgy@cisco.com,987-632-4996,991 Lindbergh Hill,Sanying,,China,
612,Nert,Duiged,nduigedgz@hubpages.com,474-349-6856,40404 Marquette Crossing,Finote Selam,,Ethiopia,
613,Rozalin,Haselwood,rhaselwoodh0@cpanel.net,278-710-2581,20 Eagan Court,Jaguariaíva,,Brazil,84200-000
614,Onfre,Devlin,odevlinh1@smugmug.com,310-924-2629,9547 Stoughton Drive,Al Ḩāmūl,,Egypt,
615,Jolie,Izacenko,jizacenkoh2@nbcnews.com,700-605-5520,57647 Ridge Oak Terrace,Xinjie,,China,
616,Payton,Vlasyev,pvlasyevh3@taobao.com,613-382-9855,4 Kings Crossing,Saint Pierre,,Mauritius,
617,Ninnette,De Meis,ndemeish4@latimes.com,577-667-7370,7970 Myrtle Plaza,Kosakowo,,Poland,81-198
618,Maggee,Chicchelli,mchicchellih5@youtube.com,824-996-4898,8194 Longview Pass,Grojec,,Poland,32-615
619,Cindy,Cogger,ccoggerh6@imdb.com,312-332-9209,1083 Westport Junction,Harstad,Troms,Norway,9414
620,Eadith,Potter,epotterh7@zimbio.com,834-973-5828,0727 Anniversary Street,Panggungwinong,,Indonesia,
621,Augustine,Banbrook,abanbrookh8@nps.gov,610-431-0641,6 Rigney Drive,Usicayos,,Peru,
622,Sharron,Edleston,sedlestonh9@ovh.net,871-639-7074,89820 Hoepker Plaza,La Cruz de Río Grande,,Nicaragua,
623,Angel,Mc Ilory,amciloryha@mlb.com,750-772-7871,41 Pepper Wood Place,Budrus,,Palestinian Territory,
624,Fee,Endrighi,fendrighihb@geocities.com,752-186-6715,7 Helena Drive,Lukolela,,Democratic Republic of the Congo,
625,Bette-ann,Staterfield,,227-716-8038,53849 Gina Trail,Redcliff,,Zimbabwe,
626,Rivkah,Punton,rpuntonhd@eepurl.com,749-809-1332,16 Porter Pass,Taposan,,Indonesia,
627,Edithe,Tapenden,,792-392-0622,903 Hayes Alley,Beitan,,China,
628,Elwood,Povey,epoveyhf@discovery.com,645-505-0265,7 Banding Circle,Aghsu,,Azerbaijan,
629,Padriac,Danell,pdanellhg@1und1.de,837-635-8343,24496 Blackbird Center,Corrientes,,Argentina,3400
630,Brittne,Blindmann,,343-758-9749,5236 Arizona Hill,La Gomera,,Guatemala,05007
631,Hilliard,Cleugh,hcleughhi@ibm.com,731-241-8022,884 Logan Street,Ninomiya,,Japan,929-1811
632,Verney,Sarver,vsarverhj@homestead.com,428-375-2097,2384 Duke Avenue,Ploso,,Indonesia,
633,Hermia,Pym,hpymhk@ihg.com,298-351-0975,972 Pond Street,Zhangxiong,,China,
634,Bryna,Meldrum,,995-886-7568,50 Pine View Pass,Karakul’,,Uzbekistan,
635,Melodee,Finlason,mfinlasonhm@slideshare.net,227-538-0599,4653 Maryland Way,Toshloq,,Uzbekistan,
636,Diannne,Vasyushkhin,dvasyushkhinhn@hexun.com,546-803-4267,3130 Morning Crossing,Gandorhun,,Sierra Leone,
637,Lauraine,Vouls,lvoulsho@fema.gov,683-325-7731,90 Pearson Junction,Hirakata,,Japan,999-7681
638,Prent,Hove,phovehp@nih.gov,377-585-6323,58 Talmadge Junction,Hongqiao,,China,
639,Wenonah,Tuson,wtusonhq@macromedia.com,524-585-2472,9655 Warner Center,Zhayang,,China,
640,Cully,Pierpoint,cpierpointhr@desdev.cn,674-763-2868,406 Dunning Avenue,Ngluweng Dua,,Indonesia,
641,Marlane,Keighley,,685-487-3613,04131 Spenser Way,Abang,,Indonesia,
642,Serene,Gotter,sgotterht@friendfeed.com,325-546-2656,54 Oxford Street,Pringsewu,,Indonesia,
643,Packston,Dowthwaite,pdowthwaitehu@wordpress.org,646-368-6110,9509 Moose Crossing,Guadalupe,,Philippines,3510
644,Stacy,Snead,ssneadhv@multiply.com,762-921-0030,47 Dayton Pass,Haradok,,Belarus,
645,Pat,Cutler,pcutlerhw@flavors.me,104-574-3105,16387 Bonner Terrace,Muliang,,China,
646,Lou,Fullicks,lfullickshx@nymag.com,715-891-4172,9902 Merrick Pass,Ciudad Barrios,,El Salvador,
647,Gertruda,Giuron,ggiuronhy@trellian.com,539-337-3235,3909 Barnett Trail,Périgny,Poitou-Charentes,France,17189 CEDEX
648,Pearla,Furlong,pfurlonghz@sakura.ne.jp,609-621-0735,683 Stone Corner Junction,Karvia,,Finland,39930
649,Stillmann,Lamblot,slambloti0@a8.net,928-552-0892,930 Kipling Street,Baiqiao,,China,
650,Kiley,Stanfield,,194-450-8949,184 Fallview Point,Del Campillo,,Argentina,6271
651,Holmes,Dancer,hdanceri2@mapy.cz,245-518-4832,99 Miller Pass,Dijon,Bourgogne,France,21030 CEDEX
652,Rorke,O'Luby,rolubyi3@google.it,663-501-9483,4 Northport Junction,Itagüí,,Colombia,055457
653,Shannah,Reace,,576-752-9696,2696 Ridgeway Place,Osnabrück,Niedersachsen,Germany,49082
654,Chic,Stolle,cstollei5@opera.com,184-359-7070,7030 7th Street,Sumoto,,Japan,656-2225
655,Herrick,Purser,hpurseri6@mlb.com,204-608-7429,343 5th Street,Bicos,,Philippines,3126
656,Isadore,Bangs,ibangsi7@vkontakte.ru,648-148-0529,832 Spenser Road,Enhtal,,Mongolia,
657,Bernita,Conaghan,bconaghani8@gov.uk,711-427-2953,537 Thackeray Junction,Frösön,Jämtland,Sweden,832 47
658,Fayette,Harburtson,fharburtsoni9@pagesperso-orange.fr,552-243-2865,372 Sunfield Trail,Black River,,Jamaica,
659,Rocky,Malloch,rmallochia@spotify.com,568-138-4659,27 Ramsey Junction,A-da-Gorda,Leiria,Portugal,2510-015
660,Eloisa,Clara,eclaraib@telegraph.co.uk,547-394-1801,3 Graedel Plaza,Saḩāb,,Jordan,
661,Philbert,McPhater,,394-736-0217,13 Forest Point,Inuotose,,Japan,270-1108
662,Anthiathia,Verissimo,averissimoid@sphinn.com,167-643-7793,1 Mcguire Drive,Tujing,,China,
663,Anica,Laurent,alaurentie@intel.com,252-902-3661,69 Autumn Leaf Park,Xicheng,,China,
664,Natty,Dumphry,ndumphryif@fastcompany.com,964-555-8496,9 Troy Point,Karapyshi,,Ukraine,
665,Harald,Lower,hlowerig@parallels.com,225-572-1071,49 Northland Center,Baton Rouge,Louisiana,United States,70894
666,Wilbur,Dottrell,wdottrellih@cocolog-nifty.com,488-587-5752,71 Loftsgordon Road,Armenia,,Colombia,630008
667,Shellie,Minci,sminciii@nhs.uk,122-884-8846,1 Kings Center,Baitao,,China,
668,Hermie,McGirl,hmcgirlij@forbes.com,614-863-9446,3491 Buhler Plaza,Calceta,,Ecuador,
669,Garek,Larkcum,,268-862-0340,1181 Carey Road,Yueyang,,China,
670,Nickey,Rosini,nrosiniil@amazon.com,476-766-9987,23 Emmet Junction,Naḩḩālīn,,Palestinian Territory,
671,Tirrell,Tring,ttringim@disqus.com,129-281-5698,2 Chinook Center,Livorno,Toscana,Italy,57124
672,Ruben,Guittet,rguittetin@psu.edu,780-793-1573,4 Dapin Crossing,Juliaca,,Peru,
673,Olive,Abeles,oabelesio@va.gov,334-353-6173,1638 Washington Plaza,Ngasinan,,Indonesia,
674,Ramon,Monkeman,rmonkemanip@odnoklassniki.ru,446-851-9956,799 Grasskamp Plaza,Choros,,Peru,
675,Milissent,Robrose,mrobroseiq@pinterest.com,329-652-8827,00756 Butternut Way,Dranoc,,Kosovo,
676,Quinlan,Brammar,qbrammarir@devhub.com,575-532-6661,657 Bartillon Terrace,Puerto Parra,,Colombia,686008
677,Karalynn,Haile,,605-716-6258,10 Upham Street,Waitenepang,,Indonesia,
678,Lalo,Finney,lfinneyit@amazon.com,442-360-4018,6 Fisk Way,Yanglinqiao,,China,
679,Adiana,Ducker,aduckeriu@admin.ch,988-749-7786,4456 Roth Junction,Tamana,,Japan,865-0005
680,Herschel,Pietersma,hpietersmaiv@topsy.com,458-304-2099,430 Oxford Way,Palmasola,,Venezuela,
681,Josefa,Boustead,jbousteadiw@chicagotribune.com,144-752-0816,0413 Stang Center,Leština,,Czech Republic,789 71
682,Ede,Spraging,,254-130-7409,120 Fair Oaks Crossing,Waco,Texas,United States,76705
683,Lynnett,O'Reilly,,342-965-4785,2018 Village Hill,Amu Gulang Baolige,,China,
684,Catlee,Abrahamsen,,809-402-2375,315 Pearson Avenue,Paojan,,Indonesia,
685,Emilie,Foxall,efoxallj0@europa.eu,235-387-3269,2988 Red Cloud Pass,Tuanai,,Indonesia,
686,Wilow,Maskrey,,623-440-0267,3289 Glendale Terrace,Kista,Stockholm,Sweden,164 35
687,Britt,Dring,bdringj2@omniture.com,868-153-9031,9 Sommers Center,Golden,British Columbia,Canada,J9Z
688,Bridgette,Perigeaux,bperigeauxj3@last.fm,394-748-8647,24 7th Point,Krajan Alastengah,,Indonesia,
689,Lorne,Fishly,lfishlyj4@sina.com.cn,673-878-4026,8500 Mitchell Point,Baracoa,,Cuba,
690,Celeste,Finker,cfinkerj5@51.la,719-674-8884,1 Pierstorff Crossing,Colorado Springs,Colorado,United States,80915
691,Averyl,Comi,acomij6@hubpages.com,334-405-4848,2656 Warner Point,Montgomery,Alabama,United States,36195
692,Danika,Grigoire,dgrigoirej7@sfgate.com,387-623-0713,5 Rusk Alley,Ningyuan,,China,
693,Boycey,Ezele,bezelej8@soup.io,481-938-7652,47393 Granby Lane,Baimiao,,China,
694,Farr,Capelen,fcapelenj9@go.com,412-234-0586,86 Vahlen Circle,Nosy Varika,,Madagascar,
695,Arni,Ordelt,aordeltja@ebay.co.uk,417-340-8412,267 Anniversary Alley,Merida,,Philippines,6540
696,Reyna,Conlon,rconlonjb@businesswire.com,969-120-0807,6 Nevada Pass,Miechów Charsznica,,Poland,32-200
697,Britteny,Ledwith,bledwithjc@icq.com,396-803-0643,45 Lunder Hill,Gio Linh,,Vietnam,
698,Carlo,Edgerley,,636-468-0780,8 Maple Crossing,Zhangbagou,,China,
699,Norbert,Burkwood,nburkwoodje@gizmodo.com,559-993-3237,84637 Chive Parkway,Sikeshu,,China,
700,Brod,Menear,bmenearjf@amazon.com,425-640-9063,850 Buena Vista Way,Alto de São Sebastião,Setúbal,Portugal,2860-305
701,Paxon,Valiant,pvaliantjg@photobucket.com,444-118-1828,033 Artisan Street,Shibi,,China,
702,Dyann,Deathridge,ddeathridgejh@nps.gov,603-833-4211,01 Hoffman Lane,Yeniugou,,China,
703,Brittani,Yate,byateji@youku.com,238-306-9586,9335 Oriole Road,Orly aérogare,Île-de-France,France,94542 CEDEX
704,Nettle,Birkin,nbirkinjj@jimdo.com,863-585-0430,40174 Farwell Avenue,Lakeland,Florida,United States,33811
705,Allie,Bothram,abothramjk@w3.org,495-617-8469,73 Portage Plaza,Aso,,Japan,986-0705
706,Feliks,Halahan,fhalahanjl@tiny.cc,263-601-2795,63294 Annamark Pass,Cabucgayan,,Philippines,6550
707,Phedra,Kettlestring,pkettlestringjm@oracle.com,561-332-2374,1821 Stuart Court,Jiangluo,,China,
708,Merissa,Carnduff,mcarnduffjn@booking.com,663-326-6041,376 Oakridge Court,Lujiao,,China,
709,Kylila,Camidge,kcamidgejo@bizjournals.com,355-211-3061,51 Mariners Cove Place,Qinghua,,China,
710,Charmain,Ragot,cragotjp@t-online.de,591-472-2633,51725 Longview Parkway,Starigrad,,Croatia,53284
711,Mauricio,Domican,mdomicanjq@4shared.com,414-143-6715,24427 Stuart Pass,Kut Chum,,Thailand,18190
712,Freemon,Pogosian,,726-309-2780,18708 Mifflin Lane,Pondokkaha Kelod,,Indonesia,
713,Shepherd,McGibbon,smcgibbonjs@is.gd,141-541-8919,943 Main Terrace,Aygezard,,Armenia,
714,Leonard,Klassman,lklassmanjt@etsy.com,979-773-8587,6602 Lake View Street,Koilás,,Greece,
715,Andre,Killcross,akillcrossju@theguardian.com,538-215-1364,471 Porter Park,Faraulep,,Micronesia,
716,Yorker,Bessom,ybessomjv@nba.com,565-646-6734,68449 South Way,Bantilan,,Indonesia,
717,Conchita,Proudlove,cproudlovejw@latimes.com,610-447-2562,1 Kensington Hill,Periyiáli,,Greece,
718,Marcy,McIlory,mmciloryjx@free.fr,792-781-9530,3446 Quincy Point,Smederevo,,Serbia,
719,Jannelle,Emma,jemmajy@webmd.com,452-880-6347,64 Charing Cross Lane,Sztum,,Poland,82-400
720,Heath,Ripping,,478-913-1971,73790 Kenwood Drive,Yayao,,China,
721,Jere,Douglas,jdouglask0@vimeo.com,421-322-9487,3443 Lotheville Park,Yablochnyy,,Russia,694630
722,Uriah,Switland,uswitlandk1@google.nl,667-828-1212,53011 Shoshone Trail,Taishang,,China,
723,Bernadene,Legerton,,727-728-5177,08290 Arkansas Trail,Kolmården,Östergötland,Sweden,618 30
724,Horatia,Friett,hfriettk3@is.gd,990-508-9386,4380 Sullivan Plaza,Nalus,,Philippines,9514
725,Marcella,Stanett,mstanettk4@fc2.com,845-252-4428,31842 Glendale Way,Shapa,,China,
726,Clerissa,Narup,cnarupk5@utexas.edu,939-980-1719,49359 Havey Way,Sarandë,,Albania,
727,Read,Heintz,rheintzk6@hhs.gov,572-171-9269,34 Gateway Street,Talangbetutu,,Indonesia,
728,Abbot,McCabe,amccabek7@harvard.edu,719-789-1398,98651 Beilfuss Way,Xihanling,,China,
729,Wilbur,Gwyther,wgwytherk8@prnewswire.com,854-622-1191,73032 Towne Pass,Moxi,,China,
730,Steve,Dunleavy,sdunleavyk9@prweb.com,241-160-1721,49 Dryden Crossing,Kinsale,,Ireland,P17
731,Nikaniki,Jacobsen,njacobsenka@tuttocitta.it,213-433-4932,4 David Trail,Los Angeles,California,United States,90030
732,Kelsey,Steketee,ksteketeekb@flavors.me,747-695-2845,5922 Vahlen Junction,Kankan,,Guinea,
733,Gabrila,Ridge,gridgekc@usnews.com,195-727-2606,27781 Fisk Circle,Tambir,,Indonesia,
734,Susanne,Coulman,scoulmankd@ucsd.edu,713-229-0375,84820 Di Loreto Street,Houston,Texas,United States,77281
735,Kerianne,Drayn,kdraynke@adobe.com,130-931-6222,8206 Cottonwood Trail,Satowebrang,,Indonesia,
736,Lorelle,Scedall,lscedallkf@printfriendly.com,703-911-7747,641 Truax Center,Pushkinskiye Gory,,Russia,181370
737,Kylie,Vokes,kvokeskg@blogspot.com,595-995-8449,3147 Roxbury Trail,Huarancante,,Peru,
738,Zebadiah,Krikorian,,995-174-6760,77789 Valley Edge Center,Furudate,,Japan,990-2374
739,Myrah,Whitelock,mwhitelockki@artisteer.com,221-836-4242,802 Kingsford Pass,Mamburao,,Philippines,5106
740,Ivett,Dodgshun,idodgshunkj@themeforest.net,101-416-6614,8648 Upham Trail,Kishorganj,,Bangladesh,5710
741,Izaak,Barrus,ibarruskk@reverbnation.com,912-776-0076,6 Ruskin Trail,Altavista,Chihuahua,Mexico,32127
742,Matias,Vila,mvilakl@time.com,459-822-1964,6 Spaight Center,Breu,,Peru,
743,Mandie,Boreland,mborelandkm@amazon.co.uk,220-898-3955,0959 Morrow Junction,Krasnystaw,,Poland,22-300
744,Brand,Caustic,bcaustickn@chronoengine.com,852-643-7739,30 Harper Street,Zhuangke,,China,
745,Dulcinea,Whitefoot,dwhitefootko@1und1.de,611-572-9816,600 Roxbury Park,Carletonville,,South Africa,2519
746,Cassey,Ruffli,crufflikp@paginegialle.it,425-484-9268,46674 Basil Way,Gaofeng,,China,
747,Beilul,Pyser,bpyserkq@springer.com,162-116-2491,3 Karstens Way,Huyang,,China,
748,Hogan,Straneo,hstraneokr@census.gov,174-733-4020,065 Pleasure Street,Losevo,,Russia,397551
749,Audra,Carrel,,860-997-4132,758 Fuller Junction,Tashang,,China,
750,Brandise,Dealtry,bdealtrykt@amazonaws.com,268-333-4077,27 Mitchell Drive,Shuiyang,,China,
751,Crista,Caslett,ccaslettku@hud.gov,609-543-8159,4 Lyons Lane,Konary,,Poland,63-910
752,Marianne,Dewhurst,mdewhurstkv@toplist.cz,629-405-1072,0 Fair Oaks Place,Seke,,China,
753,Vivyan,Pheasey,vpheaseykw@answers.com,540-924-8318,8027 Farmco Avenue,Barobo,,Philippines,8309
754,Annamaria,Stormont,,436-219-2007,01 Kennedy Drive,Sipe Sipe,,Bolivia,
755,Ossie,Byrnes,obyrnesky@wiley.com,977-773-8254,58516 Merry Crossing,Cola,,China,
756,Linnet,Jenny,ljennykz@gmpg.org,245-956-3327,345 Old Shore Avenue,Hacıqabul,,Azerbaijan,
757,Robb,Saberton,rsabertonl0@opensource.org,874-654-2604,50101 Truax Place,Kerikeri,,New Zealand,0245
758,Cassondra,Hoogendorp,choogendorpl1@dmoz.org,484-297-7023,57 Bowman Park,Palmar de Varela,,Colombia,083087
759,Anson,Dupree,adupreel2@photobucket.com,333-912-6975,693 Glacier Hill Point,Mori,,China,
760,Tadeas,Hockell,thockelll3@mtv.com,422-436-6359,87 Gina Hill,Karvia,,Finland,39930
761,Mikol,Figurski,,408-884-5476,9716 Clove Place,Hannō,,Japan,357-0211
762,Fiorenze,Giffon,,840-476-0732,273 Petterle Parkway,Hanting,,China,
763,Seka,Gobbet,,696-676-0550,11 Anderson Park,Skwierzyna,,Poland,66-440
764,Byram,Dionsetti,bdionsettil7@domainmarket.com,877-201-3242,8266 Karstens Pass,Salmi,,Russia,186822
765,Billye,Fritschmann,,510-708-4098,30 Cardinal Street,Stavropol’,,Russia,356235
766,Ruttger,De Bischof,rdebischofl9@eventbrite.com,281-231-9238,6 Anderson Terrace,Lumsden,Saskatchewan,Canada,L7E
767,Rodi,Mattusevich,rmattusevichla@cpanel.net,859-256-1360,5 Stephen Junction,Glondong,,Indonesia,
768,Larry,Treske,,282-399-8609,9441 Vahlen Way,Dawu,,China,
769,Domeniga,Petegree,dpetegreelc@xing.com,323-295-0198,9733 Union Point,Magaria,,Niger,
770,Jacques,Bramford,jbramfordld@whitehouse.gov,302-337-8092,39182 Clyde Gallagher Plaza,Hanyuan,,China,
771,Kial,Ritzman,kritzmanle@prnewswire.com,507-589-0608,821 Roxbury Alley,Gayabaru,,Indonesia,
772,Orv,Ticehurst,oticehurstlf@so-net.ne.jp,609-577-0795,8517 Thackeray Terrace,Panamá,,Panama,
773,Gloriane,Kunzel,gkunzellg@epa.gov,578-403-8155,4 Bay Park,Cuntan,,China,
774,Starr,Bolin,sbolinlh@bizjournals.com,700-909-7267,68698 Schurz Road,Grecheskoye,,Russia,357247
775,Ricard,Broxup,rbroxupli@networkadvertising.org,611-757-5004,58877 Union Parkway,Sefrou,,Morocco,
776,Tulley,Goodee,tgoodeelj@umn.edu,981-459-3406,5780 Moose Alley,Sadahayu,,Indonesia,
777,Sybille,Coulthard,,521-710-9562,35935 Scoville Pass,Kalapagenep,,Indonesia,
778,Thedrick,Lishmund,,179-261-3406,394 Artisan Place,Tarfaya,,Morocco,
779,Leupold,Fridaye,lfridayelm@networkadvertising.org,165-976-6281,6760 Ronald Regan Junction,Unden,,Indonesia,
780,Tallou,Prestner,tprestnerln@constantcontact.com,721-212-1968,88 Stoughton Junction,Tlutup,,Indonesia,
781,Stearne,Drever,sdreverlo@accuweather.com,501-442-9374,7225 Morrow Park,Shalinskoye,,Russia,663510
782,Elisabetta,Bartholat,ebartholatlp@hp.com,352-641-2327,3360 Springview Pass,Dishnā,,Egypt,
783,Marchelle,Packington,,524-353-1544,64 Dovetail Trail,Xinheng,,China,
784,Carmela,Mangam,cmangamlr@phpbb.com,161-185-8695,140 Columbus Plaza,Hernández,,Argentina,3156
785,Egon,Todaro,etodarols@disqus.com,261-559-8737,51581 Lillian Circle,Kramfors,Västernorrland,Sweden,872 24
786,Jori,Vasey,jvaseylt@google.ca,233-709-4017,75 Vera Avenue,Huangchuan,,China,
787,Farlee,Mulcock,,800-926-4258,5214 Fairview Drive,Sangojar,,Indonesia,
788,Bonita,Bricksey,bbrickseylv@flavors.me,389-624-5217,839 Merrick Junction,Besuki Dua,,Indonesia,
789,Tiphanie,Gwynn,tgwynnlw@nationalgeographic.com,609-192-6970,16 Gale Hill,Dadiya,,Nigeria,
790,Ignazio,Coventon,icoventonlx@imageshack.us,273-869-0022,6006 Schiller Parkway,Lakhdenpokh’ya,,Russia,186730
791,Celisse,Wreak,cwreakly@tumblr.com,654-298-6345,190 Lakeland Crossing,Sidi Yahia el Gharb,,Morocco,
792,Devinne,Pine,dpinelz@discuz.net,168-679-0921,11752 Gerald Center,Longqiao,,China,
793,Shandee,Jonczyk,,348-381-4687,7888 Glendale Park,Inari,,Finland,99871
794,Fran,Fant,ffantm1@clickbank.net,192-124-2563,0 Harbort Drive,Chokwé,,Mozambique,
795,Yul,Gratrex,ygratrexm2@amazon.com,454-937-4471,3635 Loomis Center,João Monlevade,,Brazil,35930-000
796,Melisande,Gladdin,mgladdinm3@cnet.com,210-823-9351,89 Hermina Center,Kotsyubyns’ke,,Ukraine,
797,Pansy,Ramm,prammm4@icq.com,770-610-0924,992 Tennyson Center,Połaniec,,Poland,28-230
798,Vanni,Kobierzycki,vkobierzyckim5@reverbnation.com,267-972-7853,45 Hoard Trail,Urungpigang,,Indonesia,
799,Kale,Sanper,ksanperm6@hexun.com,636-375-7816,73 Milwaukee Point,Saint Louis,Missouri,United States,63126
800,Cindie,Somerled,csomerledm7@earthlink.net,514-185-9247,1621 Hintze Lane,Da Nang,,Vietnam,
801,Lindsey,Siaskowski,lsiaskowskim8@github.io,968-190-8737,2 Bay Way,Shuimen,,China,
802,Nicol,Agge,naggem9@google.ru,640-708-4400,76 Jenifer Trail,Níkiti,,Greece,
803,Emery,Rowston,erowstonma@reference.com,768-464-5245,74271 Village Green Drive,Babat,,Indonesia,
804,Huey,Haighton,hhaightonmb@github.io,236-641-5244,4 Pierstorff Hill,Naikolan,,Indonesia,
805,Aurie,Bowdidge,abowdidgemc@webs.com,212-701-2049,8810 Little Fleur Hill,Stockholm,Stockholm,Sweden,103 83
806,Rockie,Denisovo,rdenisovomd@istockphoto.com,160-145-1826,2 Alpine Crossing,Henglin,,China,
807,Kali,Lytlle,klytlleme@va.gov,182-209-2335,72 Green Hill,Gaotuo,,China,
808,Anett,Stutte,astuttemf@freewebs.com,446-293-4286,87764 Corben Way,Inowrocław,,Poland,88-115
809,Anselma,Lill,alillmg@gravatar.com,319-809-9240,727 Dakota Avenue,Catanauan,,Philippines,4311
810,Rozina,Stephenson,rstephensonmh@princeton.edu,726-879-7436,501 Duke Avenue,La Luz,,Venezuela,
811,Philippe,O'Brogane,pobroganemi@economist.com,308-344-0359,70770 Grasskamp Avenue,Cambridge,,Jamaica,
812,Martie,Bruneau,mbruneaumj@gizmodo.com,839-874-9517,8123 Sheridan Point,Leshan,,China,
813,Jimmy,Winspeare,jwinspearemk@unblog.fr,851-981-8533,1 Stang Junction,Beausejour,Manitoba,Canada,M1C
814,Rahal,Curedell,rcuredellml@jalbum.net,670-575-1505,52 Toban Place,Mozdok,,Russia,363759
815,Manuel,Lilleman,mlillemanmm@ucsd.edu,750-405-7508,461 Ronald Regan Crossing,Tiksi,,Russia,678409
816,Cathleen,Cossum,ccossummn@domainmarket.com,680-521-0334,925 Westerfield Parkway,Anka,,Nigeria,
817,Anallise,Kloser,aklosermo@hibu.com,415-451-0237,2703 Forest Dale Terrace,Turirejo,,Indonesia,
818,Sal,Peagrim,speagrimmp@marketwatch.com,766-568-0830,123 Stuart Road,Himeville,,South Africa,3652
819,Bradney,Strothers,bstrothersmq@dell.com,730-218-3951,1266 Gale Court,Krajan Selatan,,Indonesia,
820,Delcina,Jarry,djarrymr@issuu.com,303-304-0319,3677 Spenser Alley,Aurora,Colorado,United States,80044
821,Deck,Stears,dstearsms@rambler.ru,317-665-2500,953 Dennis Junction,Bentengjawa,,Indonesia,
822,Marlee,Langstrath,mlangstrathmt@irs.gov,234-607-9697,660 Corben Place,Tha Uthen,,Thailand,48120
823,Corey,Planque,cplanquemu@wsj.com,922-740-1996,4469 Hallows Alley,Agustín Codazzi,,Colombia,202058
824,Adria,Pipkin,apipkinmv@etsy.com,473-130-3124,6344 Ronald Regan Center,Ash Shaykh Zuwayd,,Egypt,
825,Cam,Guppey,cguppeymw@nih.gov,184-315-7892,430 Bowman Parkway,Gračac,,Croatia,23440
826,Mindy,Ebbin,mebbinmx@weibo.com,254-418-7987,54270 Kensington Point,Södertälje,Stockholm,Sweden,151 52
827,Diarmid,Piotrowski,dpiotrowskimy@behance.net,518-536-0402,82 Stoughton Alley,Domartang,,China,
828,Alica,Giovannini,,260-887-1262,19899 Vernon Street,Beitai,,China,
829,Abran,Utley,autleyn0@123-reg.co.uk,263-172-5653,5905 Nelson Place,Rennes,Bretagne,France,35076 CEDEX 9
830,Arri,Gamage,,157-411-5016,0430 Redwing Drive,Jatipamor,,Indonesia,
831,Albrecht,Dodding,adoddingn2@tumblr.com,773-686-9594,138 Brickson Park Court,Jingu,,China,
832,Ermentrude,Martelet,emarteletn3@goodreads.com,827-257-8411,436 Cascade Avenue,Gubuk Daya,,Indonesia,
833,Huntley,Camus,hcamusn4@behance.net,644-832-5767,1182 Elka Center,Cimalati,,Indonesia,
834,Doralin,Robison,drobisonn5@tmall.com,830-397-2194,824 Blaine Center,Yessentukskaya,,Russia,357637
835,Bill,Fuggles,bfugglesn6@upenn.edu,697-372-5029,661 Old Gate Avenue,Vesele,,Ukraine,
836,Shawn,World,,731-293-6455,9 Jay Street,Hongkou,,China,
837,Osborn,Aronsohn,oaronsohnn8@eventbrite.com,353-178-7081,12 Bayside Place,Mahuta,,Tanzania,
838,Clementine,Vynoll,cvynolln9@japanpost.jp,318-926-0518,84 Toban Crossing,Shreveport,Louisiana,United States,71105
839,Rachelle,Cuningham,rcuninghamna@feedburner.com,548-686-4823,6954 Dakota Avenue,Hadyach,,Ukraine,
840,Margret,Alejandri,,148-205-6211,38313 Pond Way,Nantes,Pays de la Loire,France,44911 CEDEX 9
841,Aila,Mudd,amuddnc@t.co,201-828-3225,50 Dayton Pass,La Esperanza,Veracruz Llave,Mexico,95590
842,Jakob,Ledes,jledesnd@typepad.com,876-789-6862,32021 Schlimgen Court,Rakitnoye,,Russia,182105
843,Ced,Burkill,cburkillne@deviantart.com,851-329-4224,503 Ronald Regan Terrace,Xing’an,,China,
844,Jeane,Lamberteschi,jlamberteschinf@bloomberg.com,519-679-1628,7995 Ramsey Way,Dvorichna,,Ukraine,
845,Nertie,Wensley,,128-212-3491,14 3rd Pass,Menghai,,China,
846,Carlotta,Willishire,cwillishirenh@usnews.com,123-148-9516,7284 Towne Parkway,Banjar Dukuh,,Indonesia,
847,Buiron,Dainty,bdaintyni@youtube.com,785-119-1905,87 Division Circle,Hostos,,Dominican Republic,11403
848,Gladi,Mucklow,gmucklownj@skype.com,135-913-7166,3337 Norway Maple Point,Ilihan,,Philippines,6217
849,Cornie,Rowe,crowenk@salon.com,502-655-1594,798 Hovde Parkway,San Juan de los Morros,,Venezuela,
850,Starlin,Pettitt,spettittnl@wordpress.com,955-472-2478,6 Miller Drive,Sabugueiro,Évora,Portugal,7040-704
851,Ives,Beloe,ibeloenm@hp.com,251-307-1094,5 Del Sol Alley,Mobile,Alabama,United States,36641
852,Charmane,Dunley,cdunleynn@cbc.ca,973-710-5501,19 Ryan Point,As Samawah,,Iraq,
853,Sidoney,Rodliff,srodliffno@engadget.com,490-853-2446,2 Myrtle Terrace,Bombon,,Philippines,4404
854,Izak,Broadley,ibroadleynp@comsenz.com,692-474-6594,0 Pearson Crossing,General Cabrera,,Argentina,5809
855,Rozelle,Brachell,,374-321-3844,95 Waywood Park,Barueri,,Brazil,06400-000
856,Garwin,Meysham,gmeyshamnr@storify.com,928-289-8176,223 Pepper Wood Road,Nichinan,,Japan,889-3151
857,Shanna,Barrs,,279-309-5295,84 Clove Drive,Pandan,,Indonesia,
858,Chicky,Rizzardi,crizzardint@illinois.edu,649-138-3233,0713 Twin Pines Terrace,Pasirangin Tiga,,Indonesia,
859,Lyda,Trahar,ltraharnu@eventbrite.com,483-952-6656,3 International Road,Shuikou,,China,
860,Tiebout,Wathan,twathannv@yellowbook.com,719-678-3611,0603 Ludington Street,Banjar Kajanan,,Indonesia,
861,Scotty,Geibel,sgeibelnw@google.es,145-821-6785,7152 Golf View Court,Ermida,Coimbra,Portugal,3070-125
862,Winne,Stradling,wstradlingnx@mediafire.com,725-651-0379,02 Pond Parkway,Roissy Charles-de-Gaulle,Île-de-France,France,95711 CEDEX 1
863,Calli,Benam,cbenamny@unc.edu,104-553-5662,055 Northland Trail,Susanino,,Russia,157090
864,Abraham,Skilbeck,askilbecknz@ted.com,231-159-8822,06 Katie Way,Blagoveshchensk,,Russia,675029
865,Giffie,Coniam,gconiamo0@ucsd.edu,355-759-1049,237 Bonner Street,Krajan Sumberanget,,Indonesia,
866,Hazlett,Pfeifer,hpfeifero1@vk.com,504-916-8361,41874 Kinsman Parkway,Nan’an,,China,
867,Portia,McCarry,pmccarryo2@earthlink.net,267-165-6413,09 Westport Avenue,Wansheng,,China,
868,Kincaid,Jephcott,,618-242-4481,372 Karstens Way,Bègles,Aquitaine,France,33324 CEDEX
869,Bowie,Liddyard,bliddyardo4@harvard.edu,188-487-4392,35 Mcbride Terrace,Foxrock,,Ireland,D04
870,Oriana,Garmon,ogarmono5@msn.com,582-836-1678,60 Rowland Crossing,Nikolayevsk,,Russia,357323
871,Alvera,Garmon,agarmono6@123-reg.co.uk,525-229-8552,6 Schiller Drive,Fajsławice,,Poland,21-060
872,Annabell,Vayne,avayneo7@smh.com.au,635-859-2155,2725 Autumn Leaf Drive,Swindon,England,United Kingdom,SN1
873,Olive,Leathlay,,295-458-4449,90699 Blaine Point,Kovdor,,Russia,633375
874,Davine,Capelle,dcapelleo9@google.pl,508-814-8431,50 Oxford Lane,Condoroma,,Peru,
875,Rodina,Ericsson,rericssonoa@patch.com,813-248-0881,07327 Transport Park,Itaí,,Brazil,18730-000
876,Elsbeth,Wallington,ewallingtonob@sourceforge.net,937-696-6468,04659 Raven Place,Gumdag,,Turkmenistan,
877,Ronnie,Aspinwall,raspinwalloc@earthlink.net,183-951-8392,5742 Spenser Hill,Gogaran,,Armenia,
878,Claude,Frances,cfrancesod@freewebs.com,767-699-7081,971 Toban Center,Dū Qal‘ah,,Afghanistan,
879,Gianina,Hegden,ghegdenoe@blinklist.com,496-105-5455,8342 Waxwing Way,Sokol,,Russia,694060
880,Pia,Gulliford,pgullifordof@ftc.gov,702-469-7438,65 Dayton Park,Vaasa,,Finland,66999
881,Yulma,Paaso,ypaasoog@huffingtonpost.com,382-878-5202,876 Sunbrook Plaza,Desamparados,,Costa Rica,10301
882,Trev,Eggins,tegginsoh@edublogs.org,467-359-8408,41236 Northfield Road,Oesena,,Indonesia,
883,Adara,Halpen,ahalpenoi@wp.com,734-893-2613,9185 Golf Point,Nanzhai,,China,
884,Sapphira,Abbati,sabbatioj@feedburner.com,223-623-4716,8440 Eastlawn Way,Tutayev,,Russia,152300
885,Kissee,Stappard,kstappardok@bandcamp.com,524-162-8065,9519 Graedel Place,Bāfq,,Iran,
886,Bald,Leeburn,bleeburnol@purevolume.com,859-660-3089,58 Kedzie Road,Maojia,,China,
887,Cami,Whittaker,cwhittakerom@naver.com,993-237-1335,5637 Victoria Point,Itapipoca,,Brazil,62500-000
888,Jody,Cassie,jcassieon@cornell.edu,677-633-5493,51 Warrior Drive,Nice,Provence-Alpes-Côte d'Azur,France,06102 CEDEX 2
889,Sheelah,Lakenden,slakendenoo@tmall.com,442-314-8646,4831 Charing Cross Center,Luzhany,,Ukraine,
890,Dev,Farragher,,332-648-5543,05 Melvin Road,Uyuni,,Bolivia,
891,Ivette,Rebbeck,irebbeckoq@github.com,841-869-1621,88943 Banding Pass,Tegarenkrajan,,Indonesia,
892,Damita,Springthorp,dspringthorpor@last.fm,515-405-4538,022 Tomscot Lane,Chixi,,China,
893,Sharl,Annon,sannonos@1und1.de,433-770-0491,42582 Oak Valley Plaza,Kidatu,,Tanzania,
894,Skyler,McCullagh,smccullaghot@ted.com,879-405-9951,98 Gina Alley,Reutov,,Russia,143969
895,Sigfrid,Partrick,spartrickou@blogs.com,172-835-6937,64286 Colorado Junction,San Fernando,,Philippines,8711
896,Eugen,Crome,ecromeov@ox.ac.uk,998-596-3835,8 Summit Avenue,Słońsk,,Poland,66-436
897,Lisetta,Gaiger,lgaigerow@bluehost.com,194-906-0342,69340 Hollow Ridge Way,Xibu,,China,
898,Hyacinth,Plewright,hplewrightox@rakuten.co.jp,361-800-8217,35328 Meadow Valley Way,Guangyi,,China,
899,Jo,Ivankovic,jivankovicoy@wikipedia.org,752-391-4068,704 North Parkway,Orahovica,,Croatia,33515
900,Yolanda,Dalwood,,341-979-1823,4 Hovde Street,Linköping,Östergötland,Sweden,580 07
901,Ileane,Rowcliffe,,980-289-5941,65822 Coolidge Way,Hinvi,,Benin,
902,Mellisent,Joynt,mjoyntp1@spotify.com,537-381-6415,18 Sugar Parkway,Meicheng,,China,
903,Brad,Hustings,bhustingsp2@noaa.gov,796-589-8370,03095 Shelley Terrace,Otse,,Botswana,
904,Derward,Philo,dphilop3@amazonaws.com,514-916-0606,00 Grasskamp Lane,Mekarjaya Satu,,Indonesia,
905,Alleen,Totton,atottonp4@g.co,392-331-1330,93 Hagan Avenue,Guinobatan,,Philippines,4503
906,Holly,Garmanson,hgarmansonp5@prlog.org,498-603-5651,48693 Duke Place,Najrān,,Saudi Arabia,
907,Darby,Coldrick,dcoldrickp6@google.fr,198-328-7256,204 Judy Court,Xinghua,,China,
908,Bobina,Danielovitch,bdanielovitchp7@cyberchimps.com,884-280-4211,37 Commercial Road,Vyborg,,Russia,188919
909,Joseito,McIvor,jmcivorp8@wordpress.com,422-283-9025,81 Buena Vista Way,Eucaliptus,,Bolivia,
910,Butch,Greensite,bgreensitep9@4shared.com,249-904-0422,25 Badeau Junction,Stockholm,Stockholm,Sweden,113 59
911,Hugibert,MacGilpatrick,hmacgilpatrickpa@mozilla.org,412-584-9097,32 Banding Center,Banjar Delodrurung,,Indonesia,
912,Murdoch,Curnokk,mcurnokkpb@youtube.com,325-437-1417,438 La Follette Lane,La Palma,Mexico,Mexico,52600
913,Brear,Issacof,,359-760-3654,93 Summerview Park,Houston,British Columbia,Canada,T9G
914,Imogene,O'Glassane,ioglassanepd@rambler.ru,748-369-2247,0 Sachtjen Junction,Shangshuai,,China,
915,Greg,Cleveley,gcleveleype@washingtonpost.com,846-923-3185,1567 Hanover Parkway,Ntaur Satu,,Indonesia,
916,Beatriz,Savil,bsavilpf@acquirethisname.com,116-708-9258,46 Reindahl Place,Chachoengsao,,Thailand,30330
917,Elianore,Dadge,,338-296-6835,15738 Red Cloud Plaza,Thika,,Kenya,
918,Lynnet,Broadwell,lbroadwellph@ucoz.ru,350-636-3194,5549 Petterle Avenue,Stamboliyski,,Bulgaria,4223
919,Yorgos,Doubleday,ydoubledaypi@unc.edu,520-802-1700,5845 Ridgeway Center,Dampol,,Philippines,3005
920,Natividad,Braidford,nbraidfordpj@kickstarter.com,700-836-8748,224 Reinke Drive,Mertani,,Indonesia,
921,Alix,Grundey,agrundeypk@google.com,238-338-7215,90111 Forster Center,Rostokino,,Russia,357974
922,Jerrie,Pires,jpirespl@ask.com,831-470-1057,2645 Gina Way,Tiexi,,China,
923,Halimeda,Kowalik,hkowalikpm@cmu.edu,721-586-9965,2 Arrowood Drive,Khayr Kōṯ,,Afghanistan,
924,Barnebas,Pharaoh,bpharaohpn@auda.org.au,564-439-6289,61028 Dovetail Crossing,Manoel Urbano,,Brazil,69950-000
925,Loree,O'Fogerty,lofogertypo@cbslocal.com,905-858-9911,06661 Packers Alley,Manjacaze,,Mozambique,
926,Falkner,Scadding,fscaddingpp@cbsnews.com,425-882-3026,2 Fulton Drive,Pivka,,Slovenia,6257
927,Werner,Braim,wbraimpq@histats.com,393-662-7506,77240 Fuller Street,Shizi,,China,
928,Sheela,Buffham,sbuffhampr@go.com,663-127-7079,3 Columbus Center,Tuncheng,,China,
929,Aurelea,Casswell,acasswellps@wikipedia.org,930-549-8259,19834 Village Road,Cinunjang,,Indonesia,
930,Mead,Fearby,mfearbypt@usgs.gov,532-923-4551,9 Lawn Point,Tuchkovo,,Russia,143142
931,Shelagh,Need,sneedpu@alexa.com,410-209-8465,956 Dapin Park,Baltimore,Maryland,United States,21290
932,Rancell,Tessyman,rtessymanpv@telegraph.co.uk,660-625-1143,20278 Westend Alley,Royan,Poitou-Charentes,France,17209 CEDEX
933,Eilis,Arthey,eartheypw@jigsy.com,407-685-3413,15976 Fieldstone Junction,Kisarazu,,Japan,299-0271
934,Cynthie,Bambridge,cbambridgepx@soup.io,442-596-1387,3 East Plaza,Langzhong,,China,
935,Wilhelm,Sleet,wsleetpy@aol.com,431-535-4089,7 Larry Road,Engenheiro Beltrão,,Brazil,87270-000
936,Fern,O'Keenan,fokeenanpz@msn.com,570-276-6312,983 Kinsman Avenue,Santa Rosa,,Peru,
937,Kerianne,Regenhardt,kregenhardtq0@state.tx.us,523-888-9447,7 Spaight Crossing,Travesía,,Honduras,
938,Jammie,Ruf,jrufq1@thetimes.co.uk,355-690-8775,61 Tomscot Road,Timezgana,,Morocco,
939,Mort,Washington,mwashingtonq2@ucoz.com,132-980-6376,84 Laurel Drive,Makbon,,Indonesia,
940,Ursuline,Pack,upackq3@usa.gov,594-136-3856,9 Mariners Cove Crossing,Torre,Vila Real,Portugal,5050-345
941,Yves,Gribbins,ygribbinsq4@woothemes.com,702-441-3209,28522 Cascade Point,Guayabal de Síquima,,Colombia,253217
942,Hollie,McAnalley,hmcanalleyq5@chicagotribune.com,824-164-6638,61242 Lien Crossing,Sobeok,,Indonesia,
943,Stephannie,Grombridge,,729-730-4808,11827 Melvin Place,Abilay,,Philippines,5020
944,Hans,Jeffress,hjeffressq7@netvibes.com,876-371-6893,37380 Transport Hill,Ertai,,China,
945,Nicky,Fley,nfleyq8@unc.edu,551-478-6872,4 Dwight Parkway,Kudus,,Indonesia,
946,Goldia,Bellison,gbellisonq9@cam.ac.uk,888-377-6565,9977 Macpherson Hill,Zuru,,Nigeria,
947,Sheree,Gratton,sgrattonqa@house.gov,363-620-1138,0 Everett Circle,Leiden,Provincie Zuid-Holland,Netherlands,2329
948,Raquel,Whisby,rwhisbyqb@zimbio.com,340-293-9258,98999 Ilene Parkway,Lümeng,,China,
949,Annabal,Desbrow,adesbrowqc@aol.com,902-235-3912,66334 Badeau Place,Pak Chong,,Thailand,30130
950,Budd,New,bnewqd@lulu.com,816-334-2409,083 Calypso Road,Sandaoba,,China,
951,Suzy,Bonson,sbonsonqe@list-manage.com,160-820-4930,9 Maryland Terrace,Ostaszewo,,Poland,82-112
952,Sherye,Gregs,sgregsqf@foxnews.com,459-730-7802,200 Corscot Plaza,Lorut,,Armenia,
953,Duffy,Harrismith,dharrismithqg@skype.com,935-535-2313,09 Kedzie Hill,Mozi,,China,
954,Jarred,Benley,jbenleyqh@engadget.com,777-419-4297,36962 Rieder Road,Saransk,,Russia,430910
955,Sibelle,Welbelove,swelbeloveqi@cafepress.com,321-436-2324,4849 Dixon Terrace,La Libertad,,Honduras,
956,Breena,Cheers,bcheersqj@ibm.com,171-541-6461,67 Victoria Terrace,Krousón,,Greece,
957,Claudelle,McDermot,cmcdermotqk@archive.org,796-251-1558,17 Raven Parkway,Negla,,Indonesia,
958,Liam,Heiton,lheitonql@google.com.br,670-390-0550,1 Trailsway Terrace,Caen,Basse-Normandie,France,14085 CEDEX 9
959,Jacques,Tremayne,jtremayneqm@noaa.gov,867-126-2791,79805 Transport Drive,Waigete,,Indonesia,
960,Owen,Stanlake,ostanlakeqn@berkeley.edu,577-675-8163,434 Paget Way,Shamakhi,,Azerbaijan,
961,Charlot,Capron,ccapronqo@vistaprint.com,369-717-2017,48 Chinook Crossing,Créteil,Île-de-France,France,94972 CEDEX 9
962,Kaye,Crimp,kcrimpqp@alexa.com,542-205-5813,6 Atwood Circle,Dagang,,China,
963,Holly,Borkett,hborkettqq@elegantthemes.com,732-843-3184,78128 Dakota Street,Kasama,,Japan,633-0245
964,Celestia,Metcalfe,cmetcalfeqr@ning.com,721-184-4475,721 Parkside Center,Verkhnyaya Khava,,Russia,396113
965,Meriel,De Bernardis,mdebernardisqs@tumblr.com,821-905-4456,46919 Hoepker Park,Shuangshi,,China,
966,Judah,Efford,jeffordqt@bizjournals.com,647-946-9455,7 Maple Wood Point,Puyang,,China,
967,Loralyn,Twidell,ltwidellqu@unblog.fr,469-227-7512,28 Continental Plaza,Yangchengzhuang,,China,
968,Adelbert,Harower,aharowerqv@shinystat.com,798-704-9925,3913 Pleasure Hill,Shulan,,China,
969,Lowell,Cheyenne,lcheyenneqw@over-blog.com,519-634-4769,210 Gateway Crossing,Krajan Caluk,,Indonesia,
970,Dory,Abazi,dabaziqx@twitter.com,457-454-1848,38169 Leroy Terrace,Batugede Kulon,,Indonesia,
971,Roddie,Mellhuish,rmellhuishqy@artisteer.com,809-170-3139,74 Welch Lane,Potelych,,Ukraine,
972,Dell,Oneill,doneillqz@latimes.com,260-720-6376,76 Bellgrove Avenue,Kuantan,Pahang,Malaysia,26040
973,Colene,Mingard,cmingardr0@last.fm,512-201-9783,82516 Arkansas Alley,Tuchlovice,,Czech Republic,273 02
974,Charles,Garrique,cgarriquer1@microsoft.com,917-852-8980,56959 Dwight Park,Lakki Marwat,,Pakistan,28420
975,Sheridan,Al Hirsi,salhirsir2@yelp.com,196-288-9188,399 High Crossing Lane,Bacacay,,Philippines,0905
976,Pearline,Ratray,pratrayr3@japanpost.jp,586-285-2192,4750 Rusk Drive,Angono,,Philippines,1930
977,Vanny,Serchwell,vserchwellr4@chronoengine.com,265-440-0728,8 Algoma Trail,Jacarezinho,,Brazil,86400-000
978,Abby,Penberthy,apenberthyr5@reddit.com,904-472-8056,6282 Dovetail Court,Hengli,,China,
979,Brandy,Leemans,,253-761-5974,64266 Darwin Hill,Takeshiken,,China,
980,Carine,Culcheth,,219-297-5524,934 Autumn Leaf Street,Köln,Nordrhein-Westfalen,Germany,51149
981,Carine,Dionis,,118-428-5511,39 Duke Crossing,Baliton,,Philippines,3102
982,Filippo,Gingel,fgingelr9@google.fr,411-399-1078,38 Hauk Drive,Si Racha,,Thailand,20110
983,Tresa,Sloper,tsloperra@oaic.gov.au,809-754-4950,0040 Delaware Terrace,Masaguisi,,Philippines,6806
984,Lorrayne,Kingsland,lkingslandrb@hugedomains.com,341-955-8945,05529 Thackeray Plaza,Xiejiaya,,China,
985,Aleen,Holehouse,aholehouserc@amazon.co.jp,764-814-6771,3 Shelley Pass,Čeladná,,Czech Republic,739 12
986,Antonio,Sinnock,asinnockrd@zimbio.com,771-426-2112,977 Hoard Terrace,Zhoupu,,China,
987,Del,Terese,dteresere@tuttocitta.it,231-776-6875,5 Forest Plaza,Yuxi,,China,
988,Winn,Sivior,,141-721-5135,11906 Lakeland Alley,Jingmao,,China,
989,Denys,Bourner,dbournerrg@diigo.com,417-820-6326,00303 Dottie Avenue,Kula,,Serbia,
990,Stefano,Lashford,slashfordrh@uol.com.br,850-117-5138,1183 Huxley Drive,Borūjen,,Iran,
991,Brewer,Kollasch,bkollaschri@elpais.com,179-325-4769,31 Meadow Ridge Hill,Laibin,,China,
992,Brandi,Krelle,bkrellerj@earthlink.net,452-470-0237,19021 Sheridan Trail,Shangjin,,China,
993,Aurilia,Robroe,,421-869-3894,588 North Alley,Fonadhoo,,Maldives,
994,Fairfax,Denington,fdeningtonrl@flavors.me,916-828-0242,1 Manley Plaza,Sangiyn Dalay,,Mongolia,
995,Irwin,Ahmad,iahmadrm@theatlantic.com,159-466-9469,3 Fulton Plaza,Candoni,,Philippines,6110
996,Nataline,Beagrie,nbeagriern@devhub.com,978-819-5100,9 Bunker Hill Trail,Jiangjiazui,,China,
997,Charmion,Loynton,cloyntonro@google.pl,159-794-7831,6042 Northwestern Crossing,Santa Rosa,,Peru,
998,Natalya,Swindells,nswindellsrp@cocolog-nifty.com,385-215-5314,304 Commercial Park,Gabi,,Philippines,2621
999,Maurizio,Chart,mchartrq@xinhuanet.com,476-895-1209,018 Lillian Way,Caxambu,,Brazil,37440-000
1000,Giorgia,Blueman,gbluemanrr@t-online.de,206-765-3364,6029 Huxley Way,Seattle,Washington,United States,98185
