customer_id,first_name,last_name,email,phone_number,address,city,country,postal_code,state
4,Agneta,Penelli,apenelli3@chronoengine.com,916-301-7464,71 Fisk Point,Sacramento,United States,94291,California
6,Lydia,Carlon,lcarlon5@angelfire.com,715-665-5846,65 Golden Leaf Way,Orange,France,84104 CEDEX,Provence-Alpes-Côte d'Azur
24,Gaylor,Folger,gfolgern@unc.edu,510-878-0060,5 Center Way,Göteborg,Sweden,411 31,Västra Götaland
41,Gregor,Imbrey,gimbrey14@elpais.com,916-832-6785,2 Esch Drive,Cadiz,Spain,11005,Andalucia
52,Riki,Steely,rsteely1f@icq.com,294-574-1237,6196 Stephen Terrace,Nantes,France,44302 CEDEX 3,Pays de la Loire
56,Jaquenette,Speariett,jspeariett1j@oracle.com,809-261-4678,8847 Moose Center,Funchalinho,Portugal,2825-106,Setúbal
64,Courtney,Duer,cduer1r@canalblog.com,605-212-8935,5 Summer Ridge Park,Valbo,Sweden,818 31,Gävleborg
66,Donall,Garvagh,dgarvagh1t@xrea.com,999-528-8338,16 Golden Leaf Pass,Niederwaldkirchen,Austria,4174,Oberösterreich
76,Juan,Lodovichi,jlodovichi23@ted.com,868-222-6344,9 Ilene Road,Löddeköpinge,Sweden,246 43,Skåne
79,Em,Defty,edefty26@arizona.edu,977-243-9321,2529 Meadow Valley Road,Sydney,Australia,1043,New South Wales
85,Jeramie,Vallens,jvallens2c@gizmodo.com,479-194-7517,35326 Ryan Drive,Borås,Sweden,504 50,Västra Götaland
110,Martie,Dampier,mdampier31@bloomberg.com,802-429-4029,79 Eagle Crest Court,Tidaholm,Sweden,522 32,Västra Götaland
112,Jaymie,Crebo,jcrebo33@wikispaces.com,841-201-4070,08088 Swallow Alley,Saint-Laurent-du-Var,France,06721 CEDEX,Provence-Alpes-Côte d'Azur
129,Perl,Gribbon,pgribbon3k@jiathis.com,145-855-4089,537 Bayside Court,Deauville,France,14804 CEDEX,Basse-Normandie
130,Shane,Lightbowne,slightbowne3l@rediff.com,663-375-4036,32230 Scoville Trail,Sydney,Australia,1109,New South Wales
134,Charmaine,Riden,criden3p@foxnews.com,294-220-5287,8139 Stephen Junction,Hörby,Sweden,242 35,Skåne
135,Sander,Hanby,shanby3q@stumbleupon.com,354-953-1276,71900 Pankratz Circle,Seixo Alvo,Portugal,4415-739,Porto
148,Jozef,Ferreo,jferreo43@myspace.com,178-542-4681,4 Jenna Pass,Cergy-Pontoise,France,95072 CEDEX 1,Île-de-France
149,Drusilla,Bloor,dbloor44@addtoany.com,572-705-4001,3421 Chinook Terrace,San Isidro,Mexico,74960,Puebla
154,Lou,Kellock,lkellock49@ocn.ne.jp,219-526-5173,62 Holy Cross Crossing,Gary,United States,46406,Indiana
155,Isidro,Thibodeaux,ithibodeaux4a@ezinearticles.com,197-743-9767,374 Waywood Lane,Eastern Suburbs Mc,Australia,1391,New South Wales
165,Jeno,MacSkeaghan,jmacskeaghan4k@jimdo.com,794-866-6048,94581 Miller Park,Göteborg,Sweden,411 21,Västra Götaland
176,Max,Zmitruk,mzmitruk4v@cornell.edu,589-297-0515,22074 Crowley Circle,Sobral da Adiça,Portugal,7875-354,Beja
179,Cob,Martonfi,cmartonfi4y@msu.edu,414-750-9415,602 Forest Plaza,Saint-Maixent-l'École,France,79404 CEDEX,Poitou-Charentes
184,Bell,Butterfint,bbutterfint53@yahoo.com,869-630-5659,69442 Mccormick Crossing,Saint-Gratien,France,95219 CEDEX,Île-de-France
185,Peggie,Meach,pmeach54@imageshack.us,607-428-8037,427 Coleman Avenue,Gustavsberg,Sweden,134 40,Stockholm
186,Andriana,Ruppelin,aruppelin55@nydailynews.com,297-827-9180,00248 Sloan Parkway,Amiens,France,80089 CEDEX 2,Picardie
197,Irene,Cripps,icripps5g@twitpic.com,908-832-7814,67182 Chinook Street,L'Île-Perrot,Canada,H9X,Québec
204,Adaline,Watkin,awatkin5n@reddit.com,825-151-2194,084 Killdeer Pass,Serra de Santa Marinha,Portugal,3080-570,Coimbra
206,Wadsworth,Robathon,wrobathon5p@un.org,157-261-3402,142 Norway Maple Street,Nybro,Sweden,382 43,Kalmar
208,Chuck,Glas,cglas5r@exblog.jp,648-206-9548,1 Arapahoe Circle,Yeşilköy,Turkey,55530,Samsun
218,Selie,Quaintance,squaintance61@cisco.com,626-286-3384,9717 Farmco Court,Norrköping,Sweden,602 09,Östergötland
232,Arabela,MacAskill,amacaskill6f@paypal.com,407-987-1438,0 Mosinee Street,Orlando,United States,32868,Florida
235,Peyton,Woodcock,pwoodcock6i@uol.com.br,157-612-2505,35209 Pankratz Way,Odivelas,Portugal,7900-374,Beja
239,Marianna,Gilhool,mgilhool6m@netvibes.com,264-957-8396,4069 Fulton Pass,Martingança,Portugal,2445-705,Leiria
245,Ileana,Domnick,idomnick6s@narod.ru,362-425-3758,06 Oak Valley Drive,Hamburg Winterhude,Germany,22303,Hamburg
246,Mac,Stoggles,mstoggles6t@msu.edu,815-810-2362,528 Blaine Avenue,Rockford,United States,61105,Illinois
250,Doug,Eastlake,deastlake6x@telegraph.co.uk,710-876-1929,532 Scofield Court,Glasgow,United Kingdom,G4,Scotland
252,Giorgi,Jest,gjest6z@trellian.com,862-208-8082,785 Harper Pass,Roissy Charles-de-Gaulle,France,95719 CEDEX 1,Île-de-France
253,Blisse,Kippen,bkippen70@amazon.de,602-193-5929,302 Waywood Crossing,Peoria,United States,85383,Arizona
259,Yves,Mitham,ymitham76@ebay.com,407-179-4723,39 Larry Pass,Carvalhal da Aroeira,Portugal,2350-697,Santarém
260,Winni,Matias,wmatias77@clickbank.net,844-677-2022,565 Raven Street,Melun,France,77004 CEDEX,Île-de-France
266,Amerigo,Hartman,ahartman7d@msu.edu,305-956-9405,391 Vernon Circle,Portela,Portugal,4750-445,Braga
267,Ann,Woodham,awoodham7e@amazon.co.jp,692-366-9046,222 Valley Edge Court,Gijon,Spain,33209,Asturias
268,Skell,Ramble,sramble7f@springer.com,577-811-3723,40 Tony Trail,Luleå,Sweden,972 42,Norrbotten
275,Cami,Davenell,cdavenell7m@wired.com,952-403-4361,2182 Bonner Circle,Young America,United States,55573,Minnesota
284,Mayne,Cranna,mcranna7v@rediff.com,515-466-7699,91259 Northland Terrace,Nîmes,France,30910 CEDEX 2,Languedoc-Roussillon
294,Laurie,Klais,lklais85@ameblo.jp,933-607-6876,870 Golf View Place,Norrköping,Sweden,605 93,Östergötland
298,Daryl,Ricards,dricards89@hhs.gov,719-838-2543,1 Northland Terrace,Kuantan,Malaysia,25646,Pahang
319,Dasha,Wein,dwein8u@bandcamp.com,619-816-8457,3 Hovde Drive,San Diego,United States,92105,California
325,Domenic,Pocknoll,dpocknoll90@xrea.com,365-363-2784,550 Lien Pass,Estreito Câmara de Lobos,Portugal,9325-006,Ilha da Madeira
338,Adrianna,Vinker,avinker9d@drupal.org,960-743-5186,71 Manitowish Court,West Kelowna,Canada,V1Z,British Columbia
339,Jock,Hammill,jhammill9e@delicious.com,805-851-5304,21 Cody Drive,Mainz,Germany,55124,Rheinland-Pfalz
340,Griselda,Carstairs,gcarstairs9f@arstechnica.com,319-495-7116,9 Pennsylvania Junction,Labrador City,Canada,A2V,Newfoundland and Labrador
345,Ranna,Maggiori,rmaggiori9k@seesaa.net,886-898-6288,1 Steensland Road,Dortmund,Germany,44269,Nordrhein-Westfalen
346,Lammond,Platts,lplatts9l@deliciousdays.com,285-750-6110,9 Katie Crossing,Badajoz,Spain,06010,Extremadura
348,Klemens,Revening,krevening9n@columbia.edu,386-983-3608,64657 Merrick Road,Angoulême,France,16904 CEDEX 9,Poitou-Charentes
362,Idelle,Betts,ibettsa1@comcast.net,213-743-0324,8 Bluestem Crossing,Halle,Germany,06126,Sachsen-Anhalt
363,Arlena,Fussell,afussella2@prnewswire.com,641-389-0228,69 Fallview Circle,Odrinhas,Portugal,2705-707,Lisboa
374,Ewell,Athow,eathowad@cdc.gov,839-519-9146,398 Maple Wood Road,Lemende,Portugal,4785-025,Porto
396,Sylvester,Otteridge,sotteridgeaz@icq.com,693-106-0657,02374 Clove Center,Dordrecht,Netherlands,3324,Provincie Zuid-Holland
407,Lynde,Wiltshire,lwiltshireba@51.la,117-168-7629,47744 Old Shore Center,San Miguel,Mexico,58805,Michoacan De Ocampo
411,Roderich,Jirousek,rjirousekbe@dedecms.com,969-798-7392,1760 Harbort Parkway,Leeds,United Kingdom,LS6,England
420,Trudy,Trudgion,ttrudgionbn@privacy.gov.au,936-206-8782,99431 Prairie Rose Alley,Askim,Sweden,436 23,Västra Götaland
436,Idette,Jecock,ijecockc3@github.com,118-964-1668,30 Scoville Circle,Casa Nova,Portugal,4950-102,Viana do Castelo
446,Cymbre,Melchior,cmelchiorcd@accuweather.com,798-128-9492,553 Towne Circle,Oliveirinha,Portugal,3430-393,Viseu
453,Stavro,Menault,smenaultck@vkontakte.ru,508-864-3016,3 Jana Alley,Pasadena,Canada,B2J,Newfoundland and Labrador
454,Grata,Kindell,gkindellcl@oaic.gov.au,821-756-1056,076 Columbus Road,Essen,Germany,45356,Nordrhein-Westfalen
456,Thurstan,Helleckas,thelleckascn@squidoo.com,104-812-3607,212 Wayridge Road,Saint-Jérôme,Canada,J7Z,Québec
459,Pavel,Wensley,pwensleycq@drupal.org,867-236-6515,243 Lien Way,Châlons-en-Champagne,France,51039 CEDEX,Champagne-Ardenne
461,Fairleigh,Ormonde,formondecs@apache.org,128-862-0177,4575 Continental Center,Marteleira,Portugal,2530-342,Lisboa
464,Janean,Gossart,jgossartcv@bluehost.com,791-725-2957,58341 Lillian Crossing,Candelária,Portugal,9950-125,Ilha do Pico
467,Dody,Fateley,dfateleycy@trellian.com,419-288-3062,9 Lien Plaza,West End,United Kingdom,DN36,England
471,Lorianna,Sooley,lsooleyd2@upenn.edu,406-344-2889,11874 Donald Place,Santa Maria do Souto,Portugal,4800-260,Braga
477,Dulcy,Kareman,dkaremand8@yolasite.com,550-546-8707,221 Helena Street,New-Richmond,Canada,J7R,Québec
478,Susanne,Tarry,starryd9@cpanel.net,142-842-6469,26214 Homewood Hill,Oslo,Norway,1101,Oslo
490,Roxane,Allbrook,rallbrookdl@hexun.com,706-115-3489,70 Morningstar Hill,Pécs,Hungary,7631,Baranya
493,Ewen,Martinolli,emartinollido@rediff.com,482-772-9915,9476 Prairie Rose Hill,Faro,Portugal,8000-076,Faro
498,Raviv,O'Hdirscoll,rohdirscolldt@squarespace.com,221-517-7900,21946 Straubel Plaza,Nogent-le-Rotrou,France,28404 CEDEX,Centre
502,Beaufort,Ward,bwarddx@weebly.com,405-408-0157,455 Grayhawk Alley,Oklahoma City,United States,73119,Oklahoma
504,Jannel,Manilow,jmanilowdz@edublogs.org,659-324-3532,9 Stephen Place,Oslo,Norway,0487,Oslo
506,Renell,Crippell,rcrippelle1@berkeley.edu,178-434-6534,9393 Loftsgordon Street,Verona,Italy,37142,Veneto
508,Viviyan,Mariotte,vmariottee3@naver.com,612-195-7396,3384 Hazelcrest Hill,Saint Paul,United States,55103,Minnesota
521,Amanda,Oseman,aosemaneg@washingtonpost.com,678-524-2142,286 Jenifer Point,Bemposta,Portugal,4730-010,Braga
527,Anthia,Tenwick,atenwickem@yahoo.co.jp,792-491-8249,22462 Stone Corner Plaza,Nykvarn,Sweden,155 33,Stockholm
529,Ethelind,Kidder,ekiddereo@nymag.com,312-796-3542,7929 Memorial Crossing,Chicago,United States,60630,Illinois
549,Dory,Filpo,dfilpof8@yolasite.com,826-162-0108,87094 Dapin Way,Monte do Outeiro,Portugal,7005-719,Évora
554,Barbe,Beden,bbedenfd@home.pl,202-285-4147,2484 Farmco Court,Washington,United States,20530,District of Columbia
557,Dennison,Begwell,dbegwellfg@eepurl.com,187-985-3885,88 Morrow Crossing,Tidaholm,Sweden,522 24,Västra Götaland
563,Ram,Karlowicz,rkarlowiczfm@github.io,652-491-7805,48 Northview Pass,Sangalhos,Portugal,3780-115,Aveiro
570,Thom,Jedrachowicz,tjedrachowiczft@shutterfly.com,209-789-8151,938 Autumn Leaf Plaza,Fresno,United States,93704,California
587,Gabriela,Noddle,gnoddlega@elegantthemes.com,406-948-6463,0815 Claremont Parkway,Billings,United States,59112,Montana
590,Dede,Colbrun,dcolbrungd@spiegel.de,972-573-4172,2390 Riverside Alley,Dallas,United States,75216,Texas
595,Dierdre,McDell,dmcdellgi@gnu.org,564-619-2846,8 Fulton Alley,Kota Bharu,Malaysia,15500,Kelantan
599,Debby,Foskew,dfoskewgm@youku.com,329-911-9882,572 Forster Place,Skellefteå,Sweden,931 77,Västerbotten
600,Denney,Rubinowitsch,drubinowitschgn@123-reg.co.uk,288-460-4858,5297 3rd Place,Mont-Saint-Hilaire,Canada,J3H,Québec
604,Abra,Daubeny,adaubenygr@gravatar.com,503-280-7331,4767 Lyons Avenue,Sainte-Anne-de-Bellevue,Canada,H9X,Québec
613,Englebert,Ort,eorth0@qq.com,359-653-0573,1 Lukken Parkway,White Rock,Canada,V4B,British Columbia
621,Cornell,Georger,cgeorgerh8@va.gov,496-283-1143,767 Daystar Pass,Nine,Portugal,4775-446,Braga
629,Dolf,Rijkeseis,drijkeseishg@pagesperso-orange.fr,943-475-3803,717 Kim Court,East End,United Kingdom,BH21,England
632,Bud,O'Callaghan,bocallaghanhj@hatena.ne.jp,824-435-8031,5 Bonner Court,Agen,France,47923 CEDEX 9,Aquitaine
642,Deborah,Alberts,dalbertsht@mapy.cz,305-217-3175,2 Bashford Park,Miami,United States,33158,Florida
649,Pammy,Milley,pmilleyi0@europa.eu,118-953-9747,30 Dryden Drive,Kota Bharu,Malaysia,15630,Kelantan
668,Maxine,Shervil,mshervilij@wufoo.com,813-966-7369,429 Farragut Circle,Horton,United Kingdom,BS37,England
670,Michaela,Littlejohn,mlittlejohnil@1und1.de,405-623-4055,3 Elka Lane,Oklahoma City,United States,73173,Oklahoma
671,Kelby,Moody,kmoodyim@sakura.ne.jp,346-710-9257,346 Fuller Road,Madrid,Spain,28020,Madrid
673,Marlo,Runchman,mrunchmanio@nih.gov,770-786-7687,77 Messerschmidt Lane,Normandin,Canada,G0H,Québec
683,Scotti,Tome,stomeiy@stanford.edu,149-493-1646,6160 Crescent Oaks Drive,Paris 13,France,75706 CEDEX 13,Île-de-France
708,Margareta,Batterson,mbattersonjn@prweb.com,251-188-1574,93526 Westerfield Avenue,Mobile,United States,36689,Alabama
718,Pren,Barttrum,pbarttrumjx@indiegogo.com,999-966-5656,2 Tony Place,Trondheim,Norway,7026,Sor-Trondelag
722,Samuele,Illyes,sillyesk1@hp.com,427-230-6863,39064 Carey Alley,Marseille,France,13327 CEDEX 15,Provence-Alpes-Côte d'Azur
726,Tedie,Prestidge,tprestidgek5@about.me,512-812-1580,85 Glacier Hill Street,Austin,United States,78759,Texas
732,Adena,Chilcotte,achilcottekb@huffingtonpost.com,287-299-8835,0 Ramsey Hill,Putrajaya,Malaysia,62606,Putrajaya
737,Eward,Matthiesen,ematthiesenkg@networkadvertising.org,507-623-2911,0897 Oneill Alley,Lyon,France,69413 CEDEX 06,Rhône-Alpes
744,Beverie,Merrison,bmerrisonkn@techcrunch.com,117-872-3435,79484 Monument Alley,Los Pinos,Mexico,93605,Veracruz Llave
757,Agata,Chivers,achiversl0@hostgator.com,930-705-6847,513 Schlimgen Pass,København,Denmark,1676,Region Hovedstaden
758,Emmit,Stutt,estuttl1@walmart.com,106-868-2468,0 Fulton Street,Denton,United Kingdom,M34,England
797,Ashly,Amesbury,aamesburym4@jalbum.net,697-654-4126,6076 Redwing Trail,Paço,Portugal,4615-196,Porto
804,Ettore,Kisting,ekistingmb@yale.edu,642-265-1385,010 Lighthouse Bay Road,Cuba,Portugal,7940-006,Beja
810,Claudette,Ghelarducci,cghelarduccimh@skype.com,166-492-8016,65406 Pennsylvania Hill,Carreira,Portugal,4820-021,Braga
811,Emogene,Creeboe,ecreeboemi@edublogs.org,167-553-2210,0480 Bay Street,Claresholm,Canada,V2T,Alberta
826,Rustie,Hoonahan,rhoonahanmx@prweb.com,294-492-6190,67925 Troy Junction,Alor Setar,Malaysia,05552,Kedah
828,Gert,Maskill,gmaskillmz@youtu.be,858-684-3598,32 Graceland Alley,Venezia,Italy,30132,Veneto
833,Myrtia,Everard,meverardn4@t-online.de,238-519-4580,9609 Dexter Court,Portela,Portugal,4750-445,Braga
845,Alfy,Beamish,abeamishng@netvibes.com,255-426-4484,343 International Drive,Auch,France,32004 CEDEX,Midi-Pyrénées
865,Sharia,Cathersides,scathersideso0@yolasite.com,405-533-4489,6327 Thierer Crossing,Oklahoma City,United States,73179,Oklahoma
876,Paco,Reck,preckob@loc.gov,629-843-1258,8 Ronald Regan Hill,Vetlanda,Sweden,574 91,Jönköping
880,Justis,Pawfoot,jpawfootof@bigcartel.com,809-695-6645,61 South Lane,København,Denmark,1577,Region Hovedstaden
888,Salomone,Saffen,ssaffenon@yahoo.co.jp,204-376-6526,72 Cascade Pass,La Cañada,Mexico,53570,Mexico
893,Hubert,Danielsen,hdanielsenos@livejournal.com,208-530-1847,35731 Colorado Avenue,Smedjebacken,Sweden,777 82,Dalarna
894,Ransell,Soughton,rsoughtonot@loc.gov,160-596-8690,844 Old Gate Park,Carvalhal Redondo,Portugal,3525-405,Viseu
903,Cesare,Rudland,crudlandp2@feedburner.com,993-927-8569,702 Eggendart Alley,Katrineholm,Sweden,641 22,Södermanland
904,Codi,Gier,cgierp3@purevolume.com,771-478-0438,8 Delaware Alley,Coquitlam,Canada,V3B,British Columbia
905,Slade,Ferrierio,sferrieriop4@weibo.com,571-480-6035,057 Doe Crossing Court,La Guadalupe,Mexico,71703,Oaxaca
906,Guthry,Kobel,gkobelp5@dell.com,492-756-9229,30600 Westerfield Pass,Hanover,Canada,N4N,Ontario
908,Emelyne,Pitbladdo,epitbladdop7@tmall.com,805-485-8044,6 Crescent Oaks Drive,Bakersfield,United States,93311,California
917,Zita,Shillabear,zshillabearpg@google.it,782-923-7021,190 Stone Corner Crossing,Futuroscope,France,86964 CEDEX,Poitou-Charentes
921,Jemmie,Brinsden,jbrinsdenpk@deviantart.com,292-424-7363,85957 Heath Drive,Vicente Guerrero,Mexico,40230,Guerrero
922,Jeanette,Braunstein,jbraunsteinpl@posterous.com,619-712-4606,06240 Kim Lane,San Diego,United States,92191,California
925,Currie,Viney,cvineypo@friendfeed.com,903-293-7041,57 Delladonna Avenue,Ourentã,Portugal,3060-445,Coimbra
930,Clemmy,Hugonnet,chugonnetpt@ocn.ne.jp,573-558-1197,3 Kingsford Plaza,Leganes,Spain,28914,Madrid
931,Evonne,Keyse,ekeysepu@so-net.ne.jp,662-175-1264,95 Montana Point,Bolhos,Portugal,2525-105,Leiria
943,Westley,Fibbens,wfibbensq6@google.com.au,612-809-2297,59 Rockefeller Street,Minneapolis,United States,55470,Minnesota
944,Dusty,Chasles,dchaslesq7@icio.us,917-375-9263,60867 Acker Lane,Umeå,Sweden,904 22,Västerbotten
975,Phelia,Barlee,pbarleer2@springer.com,194-690-5849,5482 Gulseth Drive,Astromil,Portugal,4585-794,Porto
979,Norry,Kitchener,nkitchenerr6@usnews.com,553-538-6991,94 Dunning Lane,Boavista,Portugal,4905-014,Braga
988,Shelbi,Merrisson,smerrissonrf@chicagotribune.com,821-851-0111,5974 Colorado Lane,Lidingö,Sweden,181 23,Stockholm
989,Sissy,Huntall,shuntallrg@soundcloud.com,782-249-8908,2 Saint Paul Court,Lidingö,Sweden,181 23,Stockholm
991,Hermione,Kerfoot,hkerfootri@sun.com,280-551-1638,51 Superior Center,Saint-Herblain,France,44804 CEDEX,Pays de la Loire
993,Galina,Ginner,gginnerrk@is.gd,267-155-9498,362 Melrose Court,Philadelphia,United States,19120,Pennsylvania
